old_id,new_id
GA_165,GA_001
GA_155,GA_002
GA_166,GA_003
GA_167,GA_004
GA_159,GA_005
GA_160,GA_006
GA_168,GA_007
GA_169,GA_008
GA_170,GA_009
GA_171,GA_010
GA_172,GA_011
GA_173,GA_012
GA_174,GA_013
GA_175,GA_014
GA_176,GA_015
GA_177,GA_016
GA_178,GA_017
GA_179,GA_018
GA_180,GA_019
GA_181,GA_020
GA_182,GA_021
GA_183,GA_022
GA_184,GA_023
GA_158,GA_024
GA_161,GA_025
GA_185,GA_026
GA_186,GA_027
GA_187,GA_028
GA_188,GA_029
GA_189,GA_030
GA_190,GA_031
GA_191,GA_032
GA_156,GA_033
GA_192,GA_034
GA_193,GA_035
GA_194,GA_036
GA_195,GA_037
GA_196,GA_038
GA_157,GA_039
GA_197,GA_040
GA_198,GA_041
GA_199,GA_042
GA_200,GA_043
GA_201,GA_044
GA_202,GA_045
GA_203,GA_046
GA_204,GA_047
GA_205,GA_048
GA_206,GA_049
GA_207,GA_050
GA_208,GA_051
GA_209,GA_052
GA_210,GA_053
GA_211,GA_054
GA_212,GA_055
GA_213,GA_056
GA_214,GA_057
GA_215,GA_058
GA_216,GA_059
GA_217,GA_060
GA_218,GA_061
GA_219,GA_062
GA_220,GA_063
GA_221,GA_064
GA_222,GA_065
GA_223,GA_066
GA_224,GA_067
GA_225,GA_068
GA_226,GA_069
GA_227,GA_070
GA_228,GA_071
GA_229,GA_072
GA_230,GA_073
GA_231,GA_074
GA_232,GA_075
GA_233,GA_076
GA_234,GA_077
GA_162,GA_078
GA_163,GA_079
GA_235,GA_080
GA_236,GA_081
GA_237,GA_082
GA_238,GA_083
GA_239,GA_084
GA_240,GA_085
GA_241,GA_086
GA_242,GA_087
GA_243,GA_088
GA_244,GA_089
GA_164,GA_090
GA_245,GA_091
GA_246,GA_092
