id,receptor,dG_AB,dG_AC,dG_BC
amylin,AM2R,-36.8682,-64.5113,-0.3762
amylin,AMY1R,-37.7438,-59.1171,-0.1095
amylin,CGRP,-34.0967,-66.4056,-0.0840
amylin,AM1R,-30.7037,-63.3213,0.0536
amylin,AMY3R,-35.2423,-49.6633,0.0500
amylin,CTR,-38.1409,-30.9912,0.0000
amylin,AMY2R,-43.5887,-56.8342,0.1255
GA_002,AM2R,-37.9656,-64.2241,-0.1601
GA_002,CGRP,-39.3179,-64.3911,-0.6614
GA_002,AM1R,-47.4495,-60.4573,0.1413
GA_002,AMY3R,-34.8806,-52.0037,-0.0420
GA_002,AMY2R,-29.6496,-54.9794,-0.7898
GA_033,AMY1R,-35.5031,-57.4915,-2.0745
GA_002,AMY1R,-39.2943,-56.1146,-1.2866
GA_002,CTR,-36.9655,-33.9464,-0.0000
GA_033,AMY2R,-39.8914,-57.6294,1.0131
GA_033,CGRP,-31.8793,-67.8169,-0.3713
GA_033,AMY3R,-43.7087,-51.1448,-0.0101
GA_033,AM2R,-41.1966,-62.9690,-0.1159
GA_033,AM1R,-27.5891,-62.9385,-1.2940
GA_039,AMY1R,-43.6408,-59.4462,-0.4732
GA_033,CTR,-35.9184,-29.0156,-0.0000
GA_039,AM2R,-46.6503,-61.3657,0.7146
GA_039,AM1R,-30.4294,-61.9339,-0.6653
GA_039,CGRP,-46.8666,-62.6578,-0.0547
GA_039,AMY2R,-36.2507,-57.2515,0.1689
GA_039,AMY3R,-41.6361,-57.9585,1.0520
GA_024,AMY1R,-38.5531,-56.0188,-0.7779
GA_024,CGRP,-37.2395,-64.5491,-2.6541
GA_039,CTR,-44.7172,-32.7802,-0.0000
GA_024,AM1R,-39.8203,-61.3676,-2.7027
GA_024,AMY2R,-38.7497,-56.1828,-0.6750
GA_024,AM2R,-36.1410,-62.4331,0.2244
GA_024,AMY3R,-32.1733,-50.8818,0.0840
GA_024,CTR,-43.1551,-27.3631,0.0000
GA_005,CGRP,-31.2765,-66.0598,-1.8394
GA_005,AM2R,-37.3696,-64.5765,-1.1071
GA_005,AM1R,-39.2462,-62.9560,-0.9614
GA_005,AMY3R,-39.6139,-52.6782,2.4340
GA_005,AMY2R,-36.2451,-55.3390,-0.4100
GA_005,AMY1R,-37.2814,-57.5798,-2.9675
GA_006,AMY1R,-40.8248,-56.4497,0.6233
GA_005,CTR,-37.2764,-23.3274,-0.0000
GA_006,AMY3R,-31.9656,-51.6604,-0.3400
GA_006,CGRP,-37.0306,-64.2786,-0.2217
GA_006,AM2R,-34.7675,-62.7897,-0.2734
GA_006,AMY2R,-33.9910,-51.6658,1.5849
GA_006,AM1R,-37.1695,-55.6131,-1.5127
GA_025,AMY1R,-41.1824,-58.7685,-0.1906
GA_006,CTR,-33.2986,-28.8789,0.0000
GA_025,CGRP,-47.6662,-64.9945,0.1757
GA_025,AM1R,-47.0321,-57.8414,2.0835
GA_025,AM2R,-43.6962,-62.3272,1.1399
GA_025,AMY2R,-46.3741,-54.6267,1.2758
GA_025,AMY3R,-37.6283,-52.8682,0.0605
GA_025,CTR,-41.5304,-24.9074,0.0000
GA_078,CGRP,-39.9696,-66.3512,0.9594
GA_078,AMY1R,-33.3401,-56.1180,-1.8655
GA_078,AM1R,-43.3679,-64.9841,-0.1527
GA_078,AMY2R,-38.1205,-55.3003,-0.2043
GA_078,AMY3R,-36.7599,-51.8371,-0.3059
GA_078,AM2R,-40.2598,-59.7928,0.4411
GA_078,CTR,-38.3994,-25.2716,-0.0000
amylin,CTR,-36.0436,NA,NA
amylin,AMY1R,-36.8120,-58.0465,-0.7448
GA_005,AM2R,-32.0014,-63.2365,-0.4418
GA_005,CGRP,-33.2678,-61.0971,-2.2920
GA_005,CTR,-32.0660,NA,NA
GA_005,AM1R,-33.0308,-61.0106,0.2794
GA_005,AMY3R,-36.7849,-55.8422,-0.9084
GA_005,AMY2R,-36.2230,-54.2766,0.6090
GA_006,AMY1R,-36.9637,-58.2531,-0.7022
GA_005,AMY1R,-35.6577,-57.4695,-0.6678
GA_006,CTR,-34.3544,NA,NA
GA_006,CGRP,-35.7034,-61.8246,-1.1396
GA_006,AM1R,-27.0203,-60.0429,-0.0396
GA_006,AMY2R,-34.7515,-52.5126,-0.0686
GA_006,AM2R,-29.9697,-70.6896,-0.1246
GA_006,AMY3R,-33.2146,-52.9598,-0.6347
GA_025,AMY2R,-32.6171,-59.3675,0.2793
GA_025,AMY1R,-39.8556,-56.1481,-0.2934
GA_025,CTR,-27.6825,NA,NA
GA_025,AM2R,-36.0333,-64.0772,-0.1432
GA_025,AMY3R,-43.4188,-54.8418,1.9786
GA_025,CGRP,-42.5320,-62.3869,-0.5312
GA_025,AM1R,-37.7563,-59.7442,0.3460
GA_078,AMY1R,-34.3849,-58.0133,0.2823
GA_078,AMY3R,-35.7785,-54.2483,0.8151
GA_078,AMY2R,-33.6087,-58.9106,-0.1932
GA_078,CTR,-35.4011,NA,NA
GA_078,AM2R,-36.8424,-65.4412,0.1787
GA_078,CGRP,-27.9275,-63.4468,-2.0230
GA_078,AM1R,-37.7012,-60.6186,0.5410
GA_079,AMY1R,-30.9608,-57.3594,-2.9004
GA_079,AMY2R,-34.7773,-58.5662,1.6757
GA_079,CTR,-33.9149,NA,NA
GA_079,CGRP,-34.7100,-61.1764,-1.2801
GA_079,AM2R,-31.8111,-63.5307,-0.0410
GA_079,AM1R,-42.4353,-60.4270,0.3375
GA_079,AMY3R,-35.9383,-53.9170,-0.0028
GA_090,AMY1R,-35.0923,-58.2936,-1.6247
GA_090,CGRP,-38.1330,-62.4572,-2.0812
GA_090,CTR,-36.1359,NA,NA
GA_090,AMY2R,-36.6295,-56.0406,1.5809
GA_090,AM2R,-22.7356,-69.6824,0.1559
GA_090,AM1R,-42.3835,-61.7205,-0.5722
GA_090,AMY3R,-39.1041,-53.8855,-0.7624
amylin,AMY1R,-36.8120,-58.0465,-0.7448
amylin,AM2R,-33.4544,-63.7714,-0.7902
amylin,AMY2R,-34.6664,-55.3289,0.2050
amylin,CGRP,-30.3483,-62.5650,-0.6377
amylin,CTR,-36.0436,NA,NA
amylin,AM1R,-33.0805,-61.0716,0.0296
amylin,AMY3R,-33.2581,-55.5802,-0.8395
