Subject,ML Score,MERCI Score Pos,MERCI Score Neg,Hybrid Score,Prediction,PPV
GA_002,0.54,0.0,-0.5,0.04,Non-Toxin,0.0
GA_033,0.49,0.0,-0.5,0.0,Non-Toxin,0.0
GA_039,0.515,0.0,-0.5,0.015,Non-Toxin,0.0
GA_024,0.505,0.0,-0.5,0.005,Non-Toxin,0.0
GA_005,0.445,0.0,-0.5,0.0,Non-Toxin,0.0
GA_006,0.5,0.0,-0.5,0.0,Non-Toxin,0.0
GA_025,0.44,0.0,-0.5,0.0,Non-Toxin,0.0
GA_078,0.52,0.0,-0.5,0.02,Non-Toxin,0.0
GA_079,0.475,0.0,-0.5,0.0,Non-Toxin,0.0
GA_090,0.47,0.0,-0.5,0.0,Non-Toxin,0.0
GA_001,0.555,0.0,-0.5,0.055,Non-Toxin,0.0
GA_003,0.5,0.0,-0.5,0.0,Non-Toxin,0.0
GA_004,0.445,0.0,-0.5,0.0,Non-Toxin,0.0
GA_007,0.52,0.0,-0.5,0.02,Non-Toxin,0.0
GA_008,0.56,0.0,-0.5,0.06,Non-Toxin,0.0
GA_009,0.495,0.0,-0.5,0.0,Non-Toxin,0.0
GA_010,0.515,0.0,-0.5,0.015,Non-Toxin,0.0
GA_011,0.535,0.0,-0.5,0.035,Non-Toxin,0.0
GA_012,0.525,0.0,-0.5,0.025,Non-Toxin,0.0
GA_013,0.49,0.0,-0.5,0.0,Non-Toxin,0.0
GA_014,0.485,0.0,-0.5,0.0,Non-Toxin,0.0
GA_015,0.535,0.0,-0.5,0.035,Non-Toxin,0.0
GA_016,0.535,0.0,-0.5,0.035,Non-Toxin,0.0
GA_017,0.44,0.0,-0.5,0.0,Non-Toxin,0.0
GA_018,0.44,0.0,-0.5,0.0,Non-Toxin,0.0
GA_019,0.535,0.0,-0.5,0.035,Non-Toxin,0.0
GA_020,0.515,0.0,-0.5,0.015,Non-Toxin,0.0
GA_021,0.495,0.0,-0.5,0.0,Non-Toxin,0.0
GA_022,0.535,0.0,-0.5,0.035,Non-Toxin,0.0
GA_023,0.53,0.0,-0.5,0.03,Non-Toxin,0.0
GA_026,0.52,0.0,-0.5,0.02,Non-Toxin,0.0
GA_027,0.575,0.0,-0.5,0.075,Non-Toxin,0.0
GA_028,0.515,0.0,-0.5,0.015,Non-Toxin,0.0
GA_029,0.52,0.0,-0.5,0.02,Non-Toxin,0.0
GA_030,0.525,0.0,-0.5,0.025,Non-Toxin,0.0
GA_031,0.525,0.0,-0.5,0.025,Non-Toxin,0.0
GA_032,0.52,0.0,-0.5,0.02,Non-Toxin,0.0
GA_034,0.505,0.0,-0.5,0.005,Non-Toxin,0.0
GA_035,0.54,0.0,-0.5,0.04,Non-Toxin,0.0
GA_036,0.535,0.0,-0.5,0.035,Non-Toxin,0.0
GA_037,0.545,0.0,-0.5,0.045,Non-Toxin,0.0
GA_038,0.535,0.0,-0.5,0.035,Non-Toxin,0.0
GA_040,0.515,0.0,-0.5,0.015,Non-Toxin,0.0
GA_041,0.485,0.0,-0.5,0.0,Non-Toxin,0.0
GA_042,0.46,0.0,-0.5,0.0,Non-Toxin,0.0
GA_043,0.475,0.0,-0.5,0.0,Non-Toxin,0.0
GA_044,0.51,0.0,-0.5,0.01,Non-Toxin,0.0
GA_045,0.51,0.0,-0.5,0.01,Non-Toxin,0.0
GA_046,0.5,0.0,-0.5,0.0,Non-Toxin,0.0
GA_047,0.485,0.0,-0.5,0.0,Non-Toxin,0.0
GA_048,0.475,0.0,-0.5,0.0,Non-Toxin,0.0
GA_049,0.45,0.0,-0.5,0.0,Non-Toxin,0.0
GA_050,0.485,0.0,-0.5,0.0,Non-Toxin,0.0
GA_051,0.525,0.0,-0.5,0.025,Non-Toxin,0.0
GA_052,0.52,0.0,-0.5,0.02,Non-Toxin,0.0
GA_053,0.625,0.0,-0.5,0.125,Non-Toxin,0.007
GA_054,0.415,0.0,-0.5,0.0,Non-Toxin,0.0
GA_055,0.535,0.0,-0.5,0.035,Non-Toxin,0.0
GA_056,0.51,0.0,-0.5,0.01,Non-Toxin,0.0
GA_057,0.525,0.0,-0.5,0.025,Non-Toxin,0.0
GA_058,0.56,0.0,-0.5,0.06,Non-Toxin,0.0
GA_059,0.505,0.0,-0.5,0.005,Non-Toxin,0.0
GA_060,0.545,0.0,-0.5,0.045,Non-Toxin,0.0
GA_061,0.53,0.0,-0.5,0.03,Non-Toxin,0.0
GA_062,0.51,0.0,-0.5,0.01,Non-Toxin,0.0
GA_063,0.58,0.0,-0.5,0.08,Non-Toxin,0.0
GA_064,0.54,0.0,-0.5,0.04,Non-Toxin,0.0
GA_065,0.42,0.0,-0.5,0.0,Non-Toxin,0.0
GA_066,0.53,0.0,-0.5,0.03,Non-Toxin,0.0
GA_067,0.545,0.0,-0.5,0.045,Non-Toxin,0.0
GA_068,0.54,0.0,-0.5,0.04,Non-Toxin,0.0
GA_069,0.43,0.0,-0.5,0.0,Non-Toxin,0.0
GA_070,0.53,0.0,-0.5,0.03,Non-Toxin,0.0
GA_071,0.51,0.0,-0.5,0.01,Non-Toxin,0.0
GA_072,0.52,0.0,-0.5,0.02,Non-Toxin,0.0
GA_073,0.455,0.0,-0.5,0.0,Non-Toxin,0.0
GA_074,0.48,0.0,-0.5,0.0,Non-Toxin,0.0
GA_075,0.51,0.0,-0.5,0.01,Non-Toxin,0.0
GA_076,0.33,0.0,-0.5,0.0,Non-Toxin,0.0
GA_077,0.63,0.0,-0.5,0.13,Non-Toxin,0.013
GA_080,0.525,0.0,-0.5,0.025,Non-Toxin,0.0
GA_081,0.54,0.0,-0.5,0.04,Non-Toxin,0.0
GA_082,0.565,0.0,-0.5,0.065,Non-Toxin,0.0
GA_083,0.5,0.0,-0.5,0.0,Non-Toxin,0.0
GA_084,0.52,0.0,-0.5,0.02,Non-Toxin,0.0
GA_085,0.495,0.0,-0.5,0.0,Non-Toxin,0.0
GA_086,0.56,0.0,-0.5,0.06,Non-Toxin,0.0
GA_087,0.465,0.0,-0.5,0.0,Non-Toxin,0.0
GA_088,0.325,0.0,-0.5,0.0,Non-Toxin,0.0
GA_089,0.485,0.0,-0.5,0.0,Non-Toxin,0.0
GA_091,0.53,0.0,-0.5,0.03,Non-Toxin,0.0
GA_092,0.545,0.0,-0.5,0.045,Non-Toxin,0.0
