GA_087_HLA-DRB4*01:01_10-24	Q7Z4J2	50.000	14	7	1	14	193	206	2.435E+01	19
GA_087_HLA-DRB4*01:01_10-24	Q70UQ0	50.000	12	6	3	14	58	69	2.435E+01	19
GA_087_HLA-DRB4*01:01_10-24	Q8NB14	58.300	12	5	2	13	513	524	6.337E+01	18
GA_087_HLA-DRB4*01:01_10-24	P0C7V6	50.000	12	6	1	12	240	251	2.255E+02	17
GA_087_HLA-DRB4*01:01_10-24	Q3ZLR7	50.000	12	6	1	12	240	251	2.255E+02	17
GA_087_HLA-DRB4*01:01_10-24	Q8IV36	55.500	9	4	5	13	517	525	3.091E+02	16
GA_087_HLA-DRB4*01:01_10-24	Q969W1	50.000	12	6	2	13	114	125	4.232E+02	16
GA_087_HLA-DRB4*01:01_9-23	Q7Z4J2	54.500	11	5	5	15	196	206	1.644E+02	17
GA_087_HLA-DRB4*01:01_9-23	Q8NB14	58.300	12	5	3	14	513	524	3.091E+02	16
GA_087_HLA-DRB4*01:01_9-23	P01023	50.000	14	7	1	14	1064	1077	3.091E+02	16
GA_087_HLA-DRB4*01:01_9-23	Q9UHM6	46.100	13	6	1	13	397	409	4.232E+02	16
GA_087_HLA-DRB4*01:01_9-23	Q9BQB6	60.000	10	4	4	13	145	154	8.726E+02	15
GA_087_HLA-DRB4*01:01_9-23	O43897	55.500	9	4	6	14	440	448	8.726E+02	15
GA_088_HLA-DRB4*01:01_11-25	Q70UQ0	50.000	12	6	2	13	58	69	1.285E+01	20
GA_088_HLA-DRB4*01:01_11-25	Q7Z4J2	54.500	11	5	3	13	196	206	1.769E+01	20
GA_088_HLA-DRB4*01:01_11-25	Q5SR56	60.000	10	4	1	10	332	341	2.435E+01	19
GA_088_HLA-DRB4*01:01_11-25	Q8NB14	58.300	12	5	1	12	513	524	3.350E+01	19
GA_088_HLA-DRB4*01:01_11-25	Q969W1	50.000	12	6	1	12	114	125	2.255E+02	17
GA_088_HLA-DRB4*01:01_11-25	P0C7V6	45.400	11	5	1	11	241	251	5.784E+02	16
GA_088_HLA-DRB4*01:01_11-25	Q3ZLR7	45.400	11	5	1	11	241	251	5.784E+02	16
GA_104_HLA-DRB4*01:01_8-22	Q8NB14	58.300	12	5	4	15	513	524	1.644E+02	17
GA_104_HLA-DRB4*01:01_8-22	P01023	50.000	14	7	2	15	1064	1077	1.644E+02	17
GA_104_HLA-DRB4*01:01_8-22	Q9UHM6	46.100	13	6	2	14	397	409	2.255E+02	17
GA_104_HLA-DRB4*01:01_8-22	Q9BQB6	60.000	10	4	5	14	145	154	3.091E+02	16
GA_104_HLA-DRB4*01:01_8-22	O95863	46.100	13	6	3	15	70	82	4.232E+02	16
GA_104_HLA-DRB4*01:01_8-22	Q7Z4J2	50.000	10	5	6	15	196	205	4.232E+02	16
GA_104_HLA-DRB4*01:01_8-22	Q9UNY4	50.000	12	6	3	14	576	587	5.784E+02	16
GA_104_HLA-DRB4*01:01_8-22	P0C7V6	50.000	12	6	3	14	240	251	8.726E+02	15
GA_104_HLA-DRB4*01:01_8-22	Q3ZLR7	50.000	12	6	3	14	240	251	8.726E+02	15
GA_104_HLA-DRB4*01:01_11-25	Q70UQ0	50.000	12	6	2	13	58	69	1.285E+01	20
GA_104_HLA-DRB4*01:01_11-25	Q7Z4J2	54.500	11	5	3	13	196	206	1.769E+01	20
GA_104_HLA-DRB4*01:01_11-25	Q5SR56	60.000	10	4	1	10	332	341	2.435E+01	19
GA_104_HLA-DRB4*01:01_11-25	Q8NB14	58.300	12	5	1	12	513	524	3.350E+01	19
GA_104_HLA-DRB4*01:01_11-25	Q969W1	50.000	12	6	1	12	114	125	2.255E+02	17
GA_104_HLA-DRB4*01:01_11-25	P0C7V6	45.400	11	5	1	11	241	251	5.784E+02	16
GA_104_HLA-DRB4*01:01_11-25	Q3ZLR7	45.400	11	5	1	11	241	251	5.784E+02	16
GA_088_HLA-DRB4*01:01_10-24	Q7Z4J2	50.000	14	7	1	14	193	206	2.435E+01	19
GA_088_HLA-DRB4*01:01_10-24	Q70UQ0	50.000	12	6	3	14	58	69	2.435E+01	19
GA_088_HLA-DRB4*01:01_10-24	Q8NB14	58.300	12	5	2	13	513	524	6.337E+01	18
GA_088_HLA-DRB4*01:01_10-24	P0C7V6	50.000	12	6	1	12	240	251	2.255E+02	17
GA_088_HLA-DRB4*01:01_10-24	Q3ZLR7	50.000	12	6	1	12	240	251	2.255E+02	17
GA_088_HLA-DRB4*01:01_10-24	Q8IV36	55.500	9	4	5	13	517	525	3.091E+02	16
GA_088_HLA-DRB4*01:01_10-24	Q969W1	50.000	12	6	2	13	114	125	4.232E+02	16
GA_088_HLA-DRB4*01:01_9-23	Q7Z4J2	54.500	11	5	5	15	196	206	1.644E+02	17
GA_088_HLA-DRB4*01:01_9-23	Q8NB14	58.300	12	5	3	14	513	524	3.091E+02	16
GA_088_HLA-DRB4*01:01_9-23	P01023	50.000	14	7	1	14	1064	1077	3.091E+02	16
GA_088_HLA-DRB4*01:01_9-23	Q9UHM6	46.100	13	6	1	13	397	409	4.232E+02	16
GA_088_HLA-DRB4*01:01_9-23	Q9BQB6	60.000	10	4	4	13	145	154	8.726E+02	15
GA_088_HLA-DRB4*01:01_9-23	O43897	55.500	9	4	6	14	440	448	8.726E+02	15
GA_104_HLA-DRB4*01:01_10-24	Q7Z4J2	50.000	14	7	1	14	193	206	2.435E+01	19
GA_104_HLA-DRB4*01:01_10-24	Q70UQ0	50.000	12	6	3	14	58	69	2.435E+01	19
GA_104_HLA-DRB4*01:01_10-24	Q8NB14	58.300	12	5	2	13	513	524	6.337E+01	18
GA_104_HLA-DRB4*01:01_10-24	P0C7V6	50.000	12	6	1	12	240	251	2.255E+02	17
GA_104_HLA-DRB4*01:01_10-24	Q3ZLR7	50.000	12	6	1	12	240	251	2.255E+02	17
GA_104_HLA-DRB4*01:01_10-24	Q8IV36	55.500	9	4	5	13	517	525	3.091E+02	16
GA_104_HLA-DRB4*01:01_10-24	Q969W1	50.000	12	6	2	13	114	125	4.232E+02	16
GA_051_HLA-DRB4*01:01_9-23	Q7Z4J2	54.500	11	5	5	15	196	206	1.644E+02	17
GA_051_HLA-DRB4*01:01_9-23	Q8NB14	58.300	12	5	3	14	513	524	3.091E+02	16
GA_051_HLA-DRB4*01:01_9-23	P01023	50.000	14	7	1	14	1064	1077	3.091E+02	16
GA_051_HLA-DRB4*01:01_9-23	Q9UHM6	46.100	13	6	1	13	397	409	4.232E+02	16
GA_051_HLA-DRB4*01:01_9-23	Q9BQB6	60.000	10	4	4	13	145	154	8.726E+02	15
GA_051_HLA-DRB4*01:01_9-23	O43897	55.500	9	4	6	14	440	448	8.726E+02	15
GA_086_HLA-DRB4*01:01_10-24	Q7Z4J2	50.000	14	7	1	14	193	206	2.435E+01	19
GA_086_HLA-DRB4*01:01_10-24	Q70UQ0	50.000	12	6	3	14	58	69	2.435E+01	19
GA_086_HLA-DRB4*01:01_10-24	Q8NB14	58.300	12	5	2	13	513	524	6.337E+01	18
GA_086_HLA-DRB4*01:01_10-24	P0C7V6	50.000	12	6	1	12	240	251	2.255E+02	17
GA_086_HLA-DRB4*01:01_10-24	Q3ZLR7	50.000	12	6	1	12	240	251	2.255E+02	17
GA_086_HLA-DRB4*01:01_10-24	Q8IV36	55.500	9	4	5	13	517	525	3.091E+02	16
GA_086_HLA-DRB4*01:01_10-24	Q969W1	50.000	12	6	2	13	114	125	4.232E+02	16
GA_051_HLA-DRB4*01:01_8-22	Q8NB14	58.300	12	5	4	15	513	524	1.644E+02	17
GA_051_HLA-DRB4*01:01_8-22	P01023	50.000	14	7	2	15	1064	1077	1.644E+02	17
GA_051_HLA-DRB4*01:01_8-22	Q9UHM6	46.100	13	6	2	14	397	409	2.255E+02	17
GA_051_HLA-DRB4*01:01_8-22	Q9BQB6	60.000	10	4	5	14	145	154	3.091E+02	16
GA_051_HLA-DRB4*01:01_8-22	O95863	46.100	13	6	3	15	70	82	4.232E+02	16
GA_051_HLA-DRB4*01:01_8-22	Q7Z4J2	50.000	10	5	6	15	196	205	4.232E+02	16
GA_051_HLA-DRB4*01:01_8-22	Q9UNY4	50.000	12	6	3	14	576	587	5.784E+02	16
GA_051_HLA-DRB4*01:01_8-22	P0C7V6	50.000	12	6	3	14	240	251	8.726E+02	15
GA_051_HLA-DRB4*01:01_8-22	Q3ZLR7	50.000	12	6	3	14	240	251	8.726E+02	15
GA_088_HLA-DRB4*01:01_8-22	Q8NB14	58.300	12	5	4	15	513	524	1.644E+02	17
GA_088_HLA-DRB4*01:01_8-22	P01023	50.000	14	7	2	15	1064	1077	1.644E+02	17
GA_088_HLA-DRB4*01:01_8-22	Q9UHM6	46.100	13	6	2	14	397	409	2.255E+02	17
GA_088_HLA-DRB4*01:01_8-22	Q9BQB6	60.000	10	4	5	14	145	154	3.091E+02	16
GA_088_HLA-DRB4*01:01_8-22	O95863	46.100	13	6	3	15	70	82	4.232E+02	16
GA_088_HLA-DRB4*01:01_8-22	Q7Z4J2	50.000	10	5	6	15	196	205	4.232E+02	16
GA_088_HLA-DRB4*01:01_8-22	Q9UNY4	50.000	12	6	3	14	576	587	5.784E+02	16
GA_088_HLA-DRB4*01:01_8-22	P0C7V6	50.000	12	6	3	14	240	251	8.726E+02	15
GA_088_HLA-DRB4*01:01_8-22	Q3ZLR7	50.000	12	6	3	14	240	251	8.726E+02	15
GA_104_HLA-DRB4*01:01_9-23	Q7Z4J2	54.500	11	5	5	15	196	206	1.644E+02	17
GA_104_HLA-DRB4*01:01_9-23	Q8NB14	58.300	12	5	3	14	513	524	3.091E+02	16
GA_104_HLA-DRB4*01:01_9-23	P01023	50.000	14	7	1	14	1064	1077	3.091E+02	16
GA_104_HLA-DRB4*01:01_9-23	Q9UHM6	46.100	13	6	1	13	397	409	4.232E+02	16
GA_104_HLA-DRB4*01:01_9-23	Q9BQB6	60.000	10	4	4	13	145	154	8.726E+02	15
GA_104_HLA-DRB4*01:01_9-23	O43897	55.500	9	4	6	14	440	448	8.726E+02	15
GA_074_HLA-DRB4*01:01_11-25	Q5SR56	60.000	10	4	1	10	332	341	3.350E+01	19
GA_074_HLA-DRB4*01:01_11-25	Q8NB14	58.300	12	5	1	12	513	524	4.608E+01	19
GA_074_HLA-DRB4*01:01_11-25	Q6ZQN5	60.000	10	4	2	11	86	95	1.197E+02	18
GA_074_HLA-DRB4*01:01_11-25	Q7Z4J2	50.000	10	5	3	12	196	205	1.644E+02	17
GA_074_HLA-DRB4*01:01_11-25	P0C7V6	45.400	11	5	1	11	241	251	8.726E+02	15
GA_074_HLA-DRB4*01:01_11-25	Q3ZLR7	45.400	11	5	1	11	241	251	8.726E+02	15
GA_085_HLA-DRB4*01:01_8-22	Q8NB14	58.300	12	5	4	15	513	524	1.644E+02	17
GA_085_HLA-DRB4*01:01_8-22	P01023	50.000	14	7	2	15	1064	1077	1.644E+02	17
GA_085_HLA-DRB4*01:01_8-22	Q9UHM6	46.100	13	6	2	14	397	409	2.255E+02	17
GA_085_HLA-DRB4*01:01_8-22	Q9BQB6	60.000	10	4	5	14	145	154	3.091E+02	16
GA_085_HLA-DRB4*01:01_8-22	O95863	46.100	13	6	3	15	70	82	4.232E+02	16
GA_085_HLA-DRB4*01:01_8-22	Q7Z4J2	50.000	10	5	6	15	196	205	4.232E+02	16
GA_085_HLA-DRB4*01:01_8-22	Q9UNY4	50.000	12	6	3	14	576	587	5.784E+02	16
GA_085_HLA-DRB4*01:01_8-22	P0C7V6	50.000	12	6	3	14	240	251	8.726E+02	15
GA_085_HLA-DRB4*01:01_8-22	Q3ZLR7	50.000	12	6	3	14	240	251	8.726E+02	15
GA_085_HLA-DRB4*01:01_11-25	Q70UQ0	50.000	12	6	2	13	58	69	1.285E+01	20
GA_085_HLA-DRB4*01:01_11-25	Q7Z4J2	54.500	11	5	3	13	196	206	1.769E+01	20
GA_085_HLA-DRB4*01:01_11-25	Q5SR56	60.000	10	4	1	10	332	341	2.435E+01	19
GA_085_HLA-DRB4*01:01_11-25	Q8NB14	58.300	12	5	1	12	513	524	3.350E+01	19
GA_085_HLA-DRB4*01:01_11-25	Q969W1	50.000	12	6	1	12	114	125	2.255E+02	17
GA_085_HLA-DRB4*01:01_11-25	P0C7V6	45.400	11	5	1	11	241	251	5.784E+02	16
GA_085_HLA-DRB4*01:01_11-25	Q3ZLR7	45.400	11	5	1	11	241	251	5.784E+02	16
GA_086_HLA-DRB4*01:01_8-22	Q8NB14	58.300	12	5	4	15	513	524	1.644E+02	17
GA_086_HLA-DRB4*01:01_8-22	P01023	50.000	14	7	2	15	1064	1077	1.644E+02	17
GA_086_HLA-DRB4*01:01_8-22	Q9UHM6	46.100	13	6	2	14	397	409	2.255E+02	17
GA_086_HLA-DRB4*01:01_8-22	Q9BQB6	60.000	10	4	5	14	145	154	3.091E+02	16
GA_086_HLA-DRB4*01:01_8-22	O95863	46.100	13	6	3	15	70	82	4.232E+02	16
GA_086_HLA-DRB4*01:01_8-22	Q7Z4J2	50.000	10	5	6	15	196	205	4.232E+02	16
GA_086_HLA-DRB4*01:01_8-22	Q9UNY4	50.000	12	6	3	14	576	587	5.784E+02	16
GA_086_HLA-DRB4*01:01_8-22	P0C7V6	50.000	12	6	3	14	240	251	8.726E+02	15
GA_086_HLA-DRB4*01:01_8-22	Q3ZLR7	50.000	12	6	3	14	240	251	8.726E+02	15
GA_086_HLA-DRB4*01:01_9-23	Q7Z4J2	54.500	11	5	5	15	196	206	1.644E+02	17
GA_086_HLA-DRB4*01:01_9-23	Q8NB14	58.300	12	5	3	14	513	524	3.091E+02	16
GA_086_HLA-DRB4*01:01_9-23	P01023	50.000	14	7	1	14	1064	1077	3.091E+02	16
GA_086_HLA-DRB4*01:01_9-23	Q9UHM6	46.100	13	6	1	13	397	409	4.232E+02	16
GA_086_HLA-DRB4*01:01_9-23	Q9BQB6	60.000	10	4	4	13	145	154	8.726E+02	15
GA_086_HLA-DRB4*01:01_9-23	O43897	55.500	9	4	6	14	440	448	8.726E+02	15
GA_085_HLA-DRB4*01:01_10-24	Q7Z4J2	50.000	14	7	1	14	193	206	2.435E+01	19
GA_085_HLA-DRB4*01:01_10-24	Q70UQ0	50.000	12	6	3	14	58	69	2.435E+01	19
GA_085_HLA-DRB4*01:01_10-24	Q8NB14	58.300	12	5	2	13	513	524	6.337E+01	18
GA_085_HLA-DRB4*01:01_10-24	P0C7V6	50.000	12	6	1	12	240	251	2.255E+02	17
GA_085_HLA-DRB4*01:01_10-24	Q3ZLR7	50.000	12	6	1	12	240	251	2.255E+02	17
GA_085_HLA-DRB4*01:01_10-24	Q8IV36	55.500	9	4	5	13	517	525	3.091E+02	16
GA_085_HLA-DRB4*01:01_10-24	Q969W1	50.000	12	6	2	13	114	125	4.232E+02	16
GA_085_HLA-DRB4*01:01_9-23	Q7Z4J2	54.500	11	5	5	15	196	206	1.644E+02	17
GA_085_HLA-DRB4*01:01_9-23	Q8NB14	58.300	12	5	3	14	513	524	3.091E+02	16
GA_085_HLA-DRB4*01:01_9-23	P01023	50.000	14	7	1	14	1064	1077	3.091E+02	16
GA_085_HLA-DRB4*01:01_9-23	Q9UHM6	46.100	13	6	1	13	397	409	4.232E+02	16
GA_085_HLA-DRB4*01:01_9-23	Q9BQB6	60.000	10	4	4	13	145	154	8.726E+02	15
GA_085_HLA-DRB4*01:01_9-23	O43897	55.500	9	4	6	14	440	448	8.726E+02	15
GA_086_HLA-DRB4*01:01_11-25	Q70UQ0	50.000	12	6	2	13	58	69	1.285E+01	20
GA_086_HLA-DRB4*01:01_11-25	Q7Z4J2	54.500	11	5	3	13	196	206	1.769E+01	20
GA_086_HLA-DRB4*01:01_11-25	Q5SR56	60.000	10	4	1	10	332	341	2.435E+01	19
GA_086_HLA-DRB4*01:01_11-25	Q8NB14	58.300	12	5	1	12	513	524	3.350E+01	19
GA_086_HLA-DRB4*01:01_11-25	Q969W1	50.000	12	6	1	12	114	125	2.255E+02	17
GA_086_HLA-DRB4*01:01_11-25	P0C7V6	45.400	11	5	1	11	241	251	5.784E+02	16
GA_086_HLA-DRB4*01:01_11-25	Q3ZLR7	45.400	11	5	1	11	241	251	5.784E+02	16
GA_087_HLA-DRB4*01:01_8-22	Q8NB14	58.300	12	5	4	15	513	524	1.644E+02	17
GA_087_HLA-DRB4*01:01_8-22	P01023	50.000	14	7	2	15	1064	1077	1.644E+02	17
GA_087_HLA-DRB4*01:01_8-22	Q9UHM6	46.100	13	6	2	14	397	409	2.255E+02	17
GA_087_HLA-DRB4*01:01_8-22	Q9BQB6	60.000	10	4	5	14	145	154	3.091E+02	16
GA_087_HLA-DRB4*01:01_8-22	O95863	46.100	13	6	3	15	70	82	4.232E+02	16
GA_087_HLA-DRB4*01:01_8-22	Q7Z4J2	50.000	10	5	6	15	196	205	4.232E+02	16
GA_087_HLA-DRB4*01:01_8-22	Q9UNY4	50.000	12	6	3	14	576	587	5.784E+02	16
GA_087_HLA-DRB4*01:01_8-22	P0C7V6	50.000	12	6	3	14	240	251	8.726E+02	15
GA_087_HLA-DRB4*01:01_8-22	Q3ZLR7	50.000	12	6	3	14	240	251	8.726E+02	15
GA_087_HLA-DRB4*01:01_11-25	Q70UQ0	50.000	12	6	2	13	58	69	1.285E+01	20
GA_087_HLA-DRB4*01:01_11-25	Q7Z4J2	54.500	11	5	3	13	196	206	1.769E+01	20
GA_087_HLA-DRB4*01:01_11-25	Q5SR56	60.000	10	4	1	10	332	341	2.435E+01	19
GA_087_HLA-DRB4*01:01_11-25	Q8NB14	58.300	12	5	1	12	513	524	3.350E+01	19
GA_087_HLA-DRB4*01:01_11-25	Q969W1	50.000	12	6	1	12	114	125	2.255E+02	17
GA_087_HLA-DRB4*01:01_11-25	P0C7V6	45.400	11	5	1	11	241	251	5.784E+02	16
GA_087_HLA-DRB4*01:01_11-25	Q3ZLR7	45.400	11	5	1	11	241	251	5.784E+02	16
GA_051_HLA-DRB4*01:01_10-24	Q7Z4J2	50.000	14	7	1	14	193	206	2.435E+01	19
GA_051_HLA-DRB4*01:01_10-24	Q70UQ0	50.000	12	6	3	14	58	69	2.435E+01	19
GA_051_HLA-DRB4*01:01_10-24	Q8NB14	58.300	12	5	2	13	513	524	6.337E+01	18
GA_051_HLA-DRB4*01:01_10-24	P0C7V6	50.000	12	6	1	12	240	251	2.255E+02	17
GA_051_HLA-DRB4*01:01_10-24	Q3ZLR7	50.000	12	6	1	12	240	251	2.255E+02	17
GA_051_HLA-DRB4*01:01_10-24	Q8IV36	55.500	9	4	5	13	517	525	3.091E+02	16
GA_051_HLA-DRB4*01:01_10-24	Q969W1	50.000	12	6	2	13	114	125	4.232E+02	16
GA_051_HLA-DRB4*01:01_11-25	Q70UQ0	50.000	12	6	2	13	58	69	4.608E+01	19
GA_051_HLA-DRB4*01:01_11-25	Q7Z4J2	54.500	11	5	3	13	196	206	6.337E+01	18
GA_051_HLA-DRB4*01:01_11-25	Q5SR56	60.000	10	4	1	10	332	341	6.337E+01	18
GA_051_HLA-DRB4*01:01_11-25	Q8NB14	58.300	12	5	1	12	513	524	8.712E+01	18
GA_051_HLA-DRB4*01:01_11-25	Q969W1	50.000	12	6	1	12	114	125	5.784E+02	16
GA_074_HLA-DRB4*01:01_8-22	Q8NB14	58.300	12	5	4	15	513	524	1.644E+02	17
GA_074_HLA-DRB4*01:01_8-22	P01023	50.000	14	7	2	15	1064	1077	1.644E+02	17
GA_074_HLA-DRB4*01:01_8-22	Q9UHM6	46.100	13	6	2	14	397	409	2.255E+02	17
GA_074_HLA-DRB4*01:01_8-22	Q9BQB6	60.000	10	4	5	14	145	154	3.091E+02	16
GA_074_HLA-DRB4*01:01_8-22	O95863	46.100	13	6	3	15	70	82	4.232E+02	16
GA_074_HLA-DRB4*01:01_8-22	Q7Z4J2	50.000	10	5	6	15	196	205	4.232E+02	16
GA_074_HLA-DRB4*01:01_8-22	Q9UNY4	50.000	12	6	3	14	576	587	5.784E+02	16
GA_074_HLA-DRB4*01:01_8-22	P0C7V6	50.000	12	6	3	14	240	251	8.726E+02	15
GA_074_HLA-DRB4*01:01_8-22	Q3ZLR7	50.000	12	6	3	14	240	251	8.726E+02	15
GA_074_HLA-DRB4*01:01_10-24	Q5SR56	60.000	10	4	2	11	332	341	4.608E+01	19
GA_074_HLA-DRB4*01:01_10-24	Q8NB14	58.300	12	5	2	13	513	524	8.712E+01	18
GA_074_HLA-DRB4*01:01_10-24	Q15121	60.000	10	4	4	13	44	53	1.197E+02	18
GA_074_HLA-DRB4*01:01_10-24	Q7Z4J2	50.000	10	5	4	13	196	205	3.091E+02	16
GA_074_HLA-DRB4*01:01_10-24	Q8IV36	50.000	10	5	4	13	516	525	4.232E+02	16
GA_074_HLA-DRB4*01:01_10-24	P0C7V6	50.000	12	6	1	12	240	251	4.232E+02	16
GA_074_HLA-DRB4*01:01_10-24	Q3ZLR7	50.000	12	6	1	12	240	251	4.232E+02	16
GA_074_HLA-DRB4*01:01_10-24	Q969W1	50.000	12	6	2	13	114	125	5.784E+02	16
GA_074_HLA-DRB4*01:01_9-23	O43897	46.600	15	7	1	15	435	449	9.335E+00	21
GA_074_HLA-DRB4*01:01_9-23	P13497	46.600	15	7	1	15	408	422	1.285E+01	20
GA_074_HLA-DRB4*01:01_9-23	Q5SR56	60.000	10	4	3	12	332	341	4.608E+01	19
GA_074_HLA-DRB4*01:01_9-23	Q8NB14	58.300	12	5	3	14	513	524	8.712E+01	18
GA_074_HLA-DRB4*01:01_9-23	P01023	50.000	14	7	1	14	1064	1077	8.712E+01	18
GA_074_HLA-DRB4*01:01_9-23	Q15121	60.000	10	4	5	14	44	53	1.197E+02	18
GA_074_HLA-DRB4*01:01_9-23	Q9UHM6	46.100	13	6	1	13	397	409	1.197E+02	18
GA_074_HLA-DRB4*01:01_9-23	Q9BQB6	60.000	10	4	4	13	145	154	2.255E+02	17
GA_074_HLA-DRB4*01:01_9-23	O95863	46.100	13	6	2	14	70	82	2.255E+02	17
GA_074_HLA-DRB4*01:01_9-23	Q7Z4J2	50.000	10	5	5	14	196	205	3.091E+02	16
GA_074_HLA-DRB4*01:01_9-23	Q9UNY4	50.000	12	6	2	13	576	587	3.091E+02	16
GA_074_HLA-DRB4*01:01_9-23	P0C7V6	50.000	12	6	2	13	240	251	4.232E+02	16
GA_074_HLA-DRB4*01:01_9-23	Q3ZLR7	50.000	12	6	2	13	240	251	4.232E+02	16
