name,uniprot,rec_name,kind,label,y_true,p_agonist,y_pred,correct,has_graph
P30988_LIG00387_agonist_588_train_E13,P30988,CALCR_HUMAN,E13,agonist,1,0.9787591814994812,1,1,1
P30988_LIG00388_agonist_589_train_E13,P30988,CALCR_HUMAN,E13,agonist,1,0.9472497701644897,1,1,1
P30988_LIG00389_agonist_590_train_E13,P30988,CALCR_HUMAN,E13,agonist,1,0.8870707631111145,1,1,1
P30988_LIG00390_agonist_591_train_E13,P30988,CALCR_HUMAN,E13,agonist,1,0.8120463490486145,1,1,1
P30988_LIG00391_nonagonist_592_train_E13,P30988,CALCR_HUMAN,E13,nonagonist,0,0.2794804498553276,0,1,1
P30988_LIG00392_agonist_593_train_E13,P30988,CALCR_HUMAN,E13,agonist,1,0.8784706354141235,1,1,1
P30988_LIG00393_agonist_594_train_E13,P30988,CALCR_HUMAN,E13,agonist,1,0.9093790411949157,1,1,1
P30988_LIG00394_agonist_595_train_E13,P30988,CALCR_HUMAN,E13,agonist,1,0.9106662988662719,1,1,1
P30988_LIG00395_agonist_596_train_E13,P30988,CALCR_HUMAN,E13,agonist,1,0.8427863955497742,1,1,1
P30988_LIG00396_nonagonist_597_train_E13,P30988,CALCR_HUMAN,E13,nonagonist,0,0.5442017614841461,1,0,1
P30988_O60894_LIG00387_agonist_598_train_ER04,P30988,CALCR_HUMAN,ER04,agonist,1,0.9421946763992309,1,1,1
P30988_O60894_LIG00388_agonist_599_train_ER04,P30988,CALCR_HUMAN,ER04,agonist,1,0.8426312565803528,1,1,1
P30988_O60894_LIG00390_agonist_600_train_ER04,P30988,CALCR_HUMAN,ER04,agonist,1,0.5159836709499359,1,1,1
P30988_O60894_LIG00391_nonagonist_601_train_ER04,P30988,CALCR_HUMAN,ER04,nonagonist,0,0.17152925431728364,0,1,1
P30988_O60894_LIG00392_agonist_602_train_ER04,P30988,CALCR_HUMAN,ER04,agonist,1,0.7894112825393677,1,1,1
P30988_O60894_LIG00393_agonist_603_train_ER04,P30988,CALCR_HUMAN,ER04,agonist,1,0.8243246078491211,1,1,1
P30988_O60894_LIG00394_agonist_604_train_ER04,P30988,CALCR_HUMAN,ER04,agonist,1,0.639772254228592,1,1,1
P30988_O60894_LIG00395_agonist_607_train_ER04,P30988,CALCR_HUMAN,ER04,agonist,1,0.8758681654930115,1,1,1
P30988_O60894_LIG00396_nonagonist_608_train_ER04,P30988,CALCR_HUMAN,ER04,nonagonist,0,0.2925680220127106,0,1,1
P30988_O60894_LIG00397_nonagonist_605_train_ER04,P30988,CALCR_HUMAN,ER04,nonagonist,0,0.11071643978357315,0,1,1
P30988_O60894_LIG00398_agonist_606_train_ER04,P30988,CALCR_HUMAN,ER04,agonist,1,0.9405507683753968,1,1,1
P30988_O60895_LIG00387_agonist_609_train_ER04,P30988,CALCR_HUMAN,ER04,agonist,1,0.9655018210411072,1,1,1
P30988_O60895_LIG00392_agonist_610_train_ER04,P30988,CALCR_HUMAN,ER04,agonist,1,0.9327734351158142,1,1,1
P30988_O60895_LIG00393_agonist_611_train_ER04,P30988,CALCR_HUMAN,ER04,agonist,1,0.9379196286201477,1,1,1
P30988_O60895_LIG00394_agonist_612_train_ER04,P30988,CALCR_HUMAN,ER04,agonist,1,0.726520574092865,1,1,1
P30988_O60895_LIG00395_agonist_614_train_ER04,P30988,CALCR_HUMAN,ER04,agonist,1,0.8434677243232727,1,1,1
P30988_O60895_LIG00398_agonist_613_train_ER04,P30988,CALCR_HUMAN,ER04,agonist,1,0.9622382521629333,1,1,1
P30988_O60896_LIG00387_agonist_615_train_ER04,P30988,CALCR_HUMAN,ER04,agonist,1,0.8288257718086243,1,1,1
P30988_O60896_LIG00388_agonist_616_train_ER04,P30988,CALCR_HUMAN,ER04,agonist,1,0.7595913887023926,1,1,1
P30988_O60896_LIG00390_agonist_617_train_ER04,P30988,CALCR_HUMAN,ER04,agonist,1,0.4738686800003052,0,0,1
P30988_O60896_LIG00391_nonagonist_618_train_ER04,P30988,CALCR_HUMAN,ER04,nonagonist,0,0.11659058332443237,0,1,1
P30988_O60896_LIG00392_agonist_619_train_ER04,P30988,CALCR_HUMAN,ER04,agonist,1,0.802954912185669,1,1,1
P30988_O60896_LIG00393_agonist_620_train_ER04,P30988,CALCR_HUMAN,ER04,agonist,1,0.9038628816604615,1,1,1
P30988_O60896_LIG00394_agonist_621_train_ER04,P30988,CALCR_HUMAN,ER04,agonist,1,0.5728432476520539,1,1,1
P30988_O60896_LIG00395_agonist_623_train_ER04,P30988,CALCR_HUMAN,ER04,agonist,1,0.8290650129318238,1,1,1
P30988_O60896_LIG00396_nonagonist_624_train_ER04,P30988,CALCR_HUMAN,ER04,nonagonist,0,0.24146223962306976,0,1,1
P30988_O60896_LIG00397_nonagonist_622_train_ER04,P30988,CALCR_HUMAN,ER04,nonagonist,0,0.11294328570365905,0,1,1
P32214_Q9JJ73_LIG00390_agonist_651_train_ER04,P32214,CALCR_RAT,ER04,agonist,1,0.3717309057712555,0,0,1
P32214_Q9JJ74_LIG00390_agonist_652_train_ER04,P32214,CALCR_RAT,ER04,agonist,1,0.28890528380870817,0,0,1
Q16602_O60894_LIG00387_agonist_1873_train_ER04,Q16602,CALRL_HUMAN,ER04,agonist,1,0.9594246625900269,1,1,1
Q16602_O60894_LIG00388_agonist_1874_train_ER04,Q16602,CALRL_HUMAN,ER04,agonist,1,0.9688499569892883,1,1,1
Q16602_O60894_LIG00394_agonist_1876_train_ER04,Q16602,CALRL_HUMAN,ER04,agonist,1,0.9093107938766479,1,1,1
Q16602_O60894_LIG00395_agonist_1878_train_ER04,Q16602,CALRL_HUMAN,ER04,agonist,1,0.9666348934173584,1,1,1
Q16602_O60894_LIG00397_nonagonist_1877_train_ER04,Q16602,CALRL_HUMAN,ER04,nonagonist,0,0.16458069086074828,0,1,1
Q16602_O60894_LIG01113_agonist_1875_train_ER04,Q16602,CALRL_HUMAN,ER04,agonist,1,0.9550121665000916,1,1,1
Q16602_O60895_LIG00387_agonist_1879_train_ER04,Q16602,CALRL_HUMAN,ER04,agonist,1,0.9339088678359986,1,1,1
Q16602_O60895_LIG00388_agonist_1880_train_ER04,Q16602,CALRL_HUMAN,ER04,agonist,1,0.9446922898292541,1,1,1
Q16602_O60895_LIG00394_agonist_1881_train_ER04,Q16602,CALRL_HUMAN,ER04,agonist,1,0.9771752715110779,1,1,1
Q16602_O60895_LIG00395_agonist_1884_train_ER04,Q16602,CALRL_HUMAN,ER04,agonist,1,0.9710948944091797,1,1,1
Q16602_O60895_LIG00397_nonagonist_1883_train_ER04,Q16602,CALRL_HUMAN,ER04,nonagonist,0,0.14530234932899475,0,1,1
Q16602_O60895_LIG01114_nonagonist_1882_train_ER04,Q16602,CALRL_HUMAN,ER04,nonagonist,0,0.7168269991874695,1,0,1
Q16602_O60895_LIG01115_agonist_1885_train_ER04,Q16602,CALRL_HUMAN,ER04,agonist,1,0.9744605898857117,1,1,1
Q16602_O60896_LIG00387_agonist_1886_train_ER04,Q16602,CALRL_HUMAN,ER04,agonist,1,0.942557430267334,1,1,1
Q16602_O60896_LIG00388_agonist_1887_train_ER04,Q16602,CALRL_HUMAN,ER04,agonist,1,0.9343707203865051,1,1,1
Q16602_O60896_LIG00394_agonist_1888_train_ER04,Q16602,CALRL_HUMAN,ER04,agonist,1,0.9758936047554017,1,1,1
Q16602_O60896_LIG00395_agonist_1891_train_ER04,Q16602,CALRL_HUMAN,ER04,agonist,1,0.9830942034721375,1,1,1
Q16602_O60896_LIG00397_nonagonist_1890_train_ER04,Q16602,CALRL_HUMAN,ER04,nonagonist,0,0.13313206434249877,0,1,1
Q16602_O60896_LIG01114_nonagonist_1889_train_ER04,Q16602,CALRL_HUMAN,ER04,nonagonist,0,0.8199190735816956,1,0,1
Q16602_O60896_LIG01115_agonist_1892_train_ER04,Q16602,CALRL_HUMAN,ER04,agonist,1,0.9813148975372314,1,1,1
Q63118_Q9JHJ1_LIG01113_agonist_1983_train_ER04,Q63118,CALRL_RAT,ER04,agonist,1,0.9575175642967224,1,1,1
Q63118_Q9JHJ1_LIG01115_agonist_1987_train_ER04,Q63118,CALRL_RAT,ER04,agonist,1,0.9694127082824707,1,1,1
Q63118_Q9JHJ1_LIG01156_agonist_1982_train_ER04,Q63118,CALRL_RAT,ER04,agonist,1,0.9168116450309753,1,1,1
Q63118_Q9JHJ1_LIG01157_agonist_1984_train_ER04,Q63118,CALRL_RAT,ER04,agonist,1,0.974197506904602,1,1,1
Q63118_Q9JHJ1_LIG01158_nonagonist_1985_train_ER04,Q63118,CALRL_RAT,ER04,nonagonist,0,0.9627354741096497,1,0,1
Q63118_Q9JHJ1_LIG01159_nonagonist_1986_train_ER04,Q63118,CALRL_RAT,ER04,nonagonist,0,0.14115666151046752,0,1,1
Q63118_Q9JJ73_LIG01113_agonist_1989_train_ER04,Q63118,CALRL_RAT,ER04,agonist,1,0.9618972182273865,1,1,1
Q63118_Q9JJ73_LIG01115_agonist_1992_train_ER04,Q63118,CALRL_RAT,ER04,agonist,1,0.974209725856781,1,1,1
Q63118_Q9JJ73_LIG01156_agonist_1988_train_ER04,Q63118,CALRL_RAT,ER04,agonist,1,0.8018079042434693,1,1,1
Q63118_Q9JJ73_LIG01158_nonagonist_1990_train_ER04,Q63118,CALRL_RAT,ER04,nonagonist,0,0.9724672079086304,1,0,1
Q63118_Q9JJ73_LIG01159_nonagonist_1991_train_ER04,Q63118,CALRL_RAT,ER04,nonagonist,0,0.17575145810842513,0,1,1
Q63118_Q9JJ74_LIG01113_agonist_1994_train_ER04,Q63118,CALRL_RAT,ER04,agonist,1,0.9718578696250916,1,1,1
Q63118_Q9JJ74_LIG01115_agonist_1996_train_ER04,Q63118,CALRL_RAT,ER04,agonist,1,0.9474949479103089,1,1,1
Q63118_Q9JJ74_LIG01156_agonist_1993_train_ER04,Q63118,CALRL_RAT,ER04,agonist,1,0.9636478781700134,1,1,1
Q63118_Q9JJ74_LIG01159_nonagonist_1995_train_ER04,Q63118,CALRL_RAT,ER04,nonagonist,0,0.19989853501319885,0,1,1
Q9R1W5_Q9WTJ5_LIG01113_agonist_2235_train_ER04,Q9R1W5,CALRL_MOUSE,ER04,agonist,1,0.9541250824928283,1,1,1
Q9R1W5_Q9WTJ5_LIG01115_agonist_2236_train_ER04,Q9R1W5,CALRL_MOUSE,ER04,agonist,1,0.9524400472640991,1,1,1
Q9R1W5_Q9WUP0_LIG01115_agonist_2238_train_ER04,Q9R1W5,CALRL_MOUSE,ER04,agonist,1,0.9555224418640137,1,1,1
Q9R1W5_Q9WUP0_LIG01158_nonagonist_2237_train_ER04,Q9R1W5,CALRL_MOUSE,ER04,nonagonist,0,0.9589785695075989,1,0,1
Q9R1W5_Q9WUP1_LIG01113_agonist_2239_train_ER04,Q9R1W5,CALRL_MOUSE,ER04,agonist,1,0.9550167679786682,1,1,1
Q9R1W5_Q9WUP1_LIG01115_agonist_2242_train_ER04,Q9R1W5,CALRL_MOUSE,ER04,agonist,1,0.973639965057373,1,1,1
Q9R1W5_Q9WUP1_LIG01158_nonagonist_2240_train_ER04,Q9R1W5,CALRL_MOUSE,ER04,nonagonist,0,0.9794604420661926,1,0,1
Q9R1W5_Q9WUP1_LIG01159_nonagonist_2241_train_ER04,Q9R1W5,CALRL_MOUSE,ER04,nonagonist,0,0.21099371910095216,0,1,1
