name,complex,kind,label,y_true,p_agonist,y_pred,correct,has_graph
P30988_LIG00387_agonist_588_train_E13,"CTR (CALCR_HUMAN, no RAMP)",E13,agonist,1,0.9762954235076904,1,1,1
P30988_LIG00388_agonist_589_train_E13,"CTR (CALCR_HUMAN, no RAMP)",E13,agonist,1,0.9614983320236206,1,1,1
P30988_LIG00389_agonist_590_train_E13,"CTR (CALCR_HUMAN, no RAMP)",E13,agonist,1,0.9675549864768982,1,1,1
P30988_LIG00390_agonist_591_train_E13,"CTR (CALCR_HUMAN, no RAMP)",E13,agonist,1,0.920471477508545,1,1,1
P30988_LIG00391_nonagonist_592_train_E13,"CTR (CALCR_HUMAN, no RAMP)",E13,nonagonist,0,0.5064386785030365,1,0,1
P30988_LIG00392_agonist_593_train_E13,"CTR (CALCR_HUMAN, no RAMP)",E13,agonist,1,0.968032693862915,1,1,1
P30988_LIG00393_agonist_594_train_E13,"CTR (CALCR_HUMAN, no RAMP)",E13,agonist,1,0.9709519863128662,1,1,1
P30988_LIG00394_agonist_595_train_E13,"CTR (CALCR_HUMAN, no RAMP)",E13,agonist,1,0.969360637664795,1,1,1
P30988_LIG00395_agonist_596_train_E13,"CTR (CALCR_HUMAN, no RAMP)",E13,agonist,1,0.972983968257904,1,1,1
P30988_LIG00396_nonagonist_597_train_E13,"CTR (CALCR_HUMAN, no RAMP)",E13,nonagonist,0,0.7262348771095276,1,0,1
P30988_O60894_LIG00387_agonist_598_train_ER04,AMY1R (human),ER04,agonist,1,0.9633572220802307,1,1,1
P30988_O60894_LIG00388_agonist_599_train_ER04,AMY1R (human),ER04,agonist,1,0.9515145540237426,1,1,1
P30988_O60894_LIG00390_agonist_600_train_ER04,AMY1R (human),ER04,agonist,1,0.834695291519165,1,1,1
P30988_O60894_LIG00391_nonagonist_601_train_ER04,AMY1R (human),ER04,nonagonist,0,0.3032630443572998,0,1,1
P30988_O60894_LIG00392_agonist_602_train_ER04,AMY1R (human),ER04,agonist,1,0.9479769110679627,1,1,1
P30988_O60894_LIG00393_agonist_603_train_ER04,AMY1R (human),ER04,agonist,1,0.9520520806312561,1,1,1
P30988_O60894_LIG00394_agonist_604_train_ER04,AMY1R (human),ER04,agonist,1,0.9530459403991699,1,1,1
P30988_O60894_LIG00395_agonist_607_train_ER04,AMY1R (human),ER04,agonist,1,0.9736242532730103,1,1,1
P30988_O60894_LIG00396_nonagonist_608_train_ER04,AMY1R (human),ER04,nonagonist,0,0.4043621450662613,0,1,1
P30988_O60894_LIG00397_nonagonist_605_train_ER04,AMY1R (human),ER04,nonagonist,0,0.0957925982773304,0,1,1
P30988_O60894_LIG00398_agonist_606_train_ER04,AMY1R (human),ER04,agonist,1,0.962467098236084,1,1,1
P30988_O60895_LIG00387_agonist_609_train_ER04,AMY2R (human),ER04,agonist,1,0.9679347157478333,1,1,1
P30988_O60895_LIG00392_agonist_610_train_ER04,AMY2R (human),ER04,agonist,1,0.9649757385253906,1,1,1
P30988_O60895_LIG00393_agonist_611_train_ER04,AMY2R (human),ER04,agonist,1,0.965121579170227,1,1,1
P30988_O60895_LIG00394_agonist_612_train_ER04,AMY2R (human),ER04,agonist,1,0.9550928592681884,1,1,1
P30988_O60895_LIG00395_agonist_614_train_ER04,AMY2R (human),ER04,agonist,1,0.9670928001403809,1,1,1
P30988_O60895_LIG00398_agonist_613_train_ER04,AMY2R (human),ER04,agonist,1,0.9708554863929748,1,1,1
P30988_O60896_LIG00387_agonist_615_train_ER04,AMY3R (human),ER04,agonist,1,0.8891189336776734,1,1,1
P30988_O60896_LIG00388_agonist_616_train_ER04,AMY3R (human),ER04,agonist,1,0.8977297067642211,1,1,1
P30988_O60896_LIG00390_agonist_617_train_ER04,AMY3R (human),ER04,agonist,1,0.7702417254447937,1,1,1
P30988_O60896_LIG00391_nonagonist_618_train_ER04,AMY3R (human),ER04,nonagonist,0,0.1737775295972824,0,1,1
P30988_O60896_LIG00392_agonist_619_train_ER04,AMY3R (human),ER04,agonist,1,0.9394052505493165,1,1,1
P30988_O60896_LIG00393_agonist_620_train_ER04,AMY3R (human),ER04,agonist,1,0.9573019504547119,1,1,1
P30988_O60896_LIG00394_agonist_621_train_ER04,AMY3R (human),ER04,agonist,1,0.9435641884803772,1,1,1
P30988_O60896_LIG00395_agonist_623_train_ER04,AMY3R (human),ER04,agonist,1,0.9714381694793701,1,1,1
P30988_O60896_LIG00396_nonagonist_624_train_ER04,AMY3R (human),ER04,nonagonist,0,0.45873883813619615,0,1,1
P30988_O60896_LIG00397_nonagonist_622_train_ER04,AMY3R (human),ER04,nonagonist,0,0.1309228554368019,0,1,1
P32214_Q9JJ73_LIG00390_agonist_651_train_ER04,AMY2R (rat),ER04,agonist,1,0.6047162503004074,1,1,1
P32214_Q9JJ74_LIG00390_agonist_652_train_ER04,AMY3R (rat),ER04,agonist,1,0.5221736550331115,1,1,1
Q16602_O60894_LIG00387_agonist_1873_train_ER04,CGRPR (human),ER04,agonist,1,0.9727710366249085,1,1,1
Q16602_O60894_LIG00388_agonist_1874_train_ER04,CGRPR (human),ER04,agonist,1,0.9759780287742614,1,1,1
Q16602_O60894_LIG00394_agonist_1876_train_ER04,CGRPR (human),ER04,agonist,1,0.9776402831077575,1,1,1
Q16602_O60894_LIG00395_agonist_1878_train_ER04,CGRPR (human),ER04,agonist,1,0.9804348826408387,1,1,1
Q16602_O60894_LIG00397_nonagonist_1877_train_ER04,CGRPR (human),ER04,nonagonist,0,0.25383947491645814,0,1,1
Q16602_O60894_LIG01113_agonist_1875_train_ER04,CGRPR (human),ER04,agonist,1,0.9742762804031372,1,1,1
Q16602_O60895_LIG00387_agonist_1879_train_ER04,AM1R (human),ER04,agonist,1,0.965440857410431,1,1,1
Q16602_O60895_LIG00388_agonist_1880_train_ER04,AM1R (human),ER04,agonist,1,0.9748422503471375,1,1,1
Q16602_O60895_LIG00394_agonist_1881_train_ER04,AM1R (human),ER04,agonist,1,0.9818601846694947,1,1,1
Q16602_O60895_LIG00395_agonist_1884_train_ER04,AM1R (human),ER04,agonist,1,0.978406834602356,1,1,1
Q16602_O60895_LIG00397_nonagonist_1883_train_ER04,AM1R (human),ER04,nonagonist,0,0.15958040207624435,0,1,1
Q16602_O60895_LIG01114_nonagonist_1882_train_ER04,AM1R (human),ER04,nonagonist,0,0.740578693151474,1,0,1
Q16602_O60895_LIG01115_agonist_1885_train_ER04,AM1R (human),ER04,agonist,1,0.9784157752990723,1,1,1
Q16602_O60896_LIG00387_agonist_1886_train_ER04,AM2R (human),ER04,agonist,1,0.9671146869659424,1,1,1
Q16602_O60896_LIG00388_agonist_1887_train_ER04,AM2R (human),ER04,agonist,1,0.9672830939292908,1,1,1
Q16602_O60896_LIG00394_agonist_1888_train_ER04,AM2R (human),ER04,agonist,1,0.9808359026908875,1,1,1
Q16602_O60896_LIG00395_agonist_1891_train_ER04,AM2R (human),ER04,agonist,1,0.981981885433197,1,1,1
Q16602_O60896_LIG00397_nonagonist_1890_train_ER04,AM2R (human),ER04,nonagonist,0,0.1722068354487419,0,1,1
Q16602_O60896_LIG01114_nonagonist_1889_train_ER04,AM2R (human),ER04,nonagonist,0,0.7662842363119126,1,0,1
Q16602_O60896_LIG01115_agonist_1892_train_ER04,AM2R (human),ER04,agonist,1,0.9816644549369812,1,1,1
Q63118_Q9JHJ1_LIG01113_agonist_1983_train_ER04,CGRPR (rat),ER04,agonist,1,0.9638879418373107,1,1,1
Q63118_Q9JHJ1_LIG01115_agonist_1987_train_ER04,CGRPR (rat),ER04,agonist,1,0.9741244673728943,1,1,1
Q63118_Q9JHJ1_LIG01156_agonist_1982_train_ER04,CGRPR (rat),ER04,agonist,1,0.9623398065567017,1,1,1
Q63118_Q9JHJ1_LIG01157_agonist_1984_train_ER04,CGRPR (rat),ER04,agonist,1,0.9776771664619446,1,1,1
Q63118_Q9JHJ1_LIG01158_nonagonist_1985_train_ER04,CGRPR (rat),ER04,nonagonist,0,0.9764925956726074,1,0,1
Q63118_Q9JHJ1_LIG01159_nonagonist_1986_train_ER04,CGRPR (rat),ER04,nonagonist,0,0.19842464923858644,0,1,1
Q63118_Q9JJ73_LIG01113_agonist_1989_train_ER04,AM1R (rat),ER04,agonist,1,0.9708231568336487,1,1,1
Q63118_Q9JJ73_LIG01115_agonist_1992_train_ER04,AM1R (rat),ER04,agonist,1,0.976768958568573,1,1,1
Q63118_Q9JJ73_LIG01156_agonist_1988_train_ER04,AM1R (rat),ER04,agonist,1,0.9229576587677002,1,1,1
Q63118_Q9JJ73_LIG01158_nonagonist_1990_train_ER04,AM1R (rat),ER04,nonagonist,0,0.9784335613250732,1,0,1
Q63118_Q9JJ73_LIG01159_nonagonist_1991_train_ER04,AM1R (rat),ER04,nonagonist,0,0.19479682445526122,0,1,1
Q63118_Q9JJ74_LIG01113_agonist_1994_train_ER04,AM2R (rat),ER04,agonist,1,0.9701867580413819,1,1,1
Q63118_Q9JJ74_LIG01115_agonist_1996_train_ER04,AM2R (rat),ER04,agonist,1,0.9738300561904907,1,1,1
Q63118_Q9JJ74_LIG01156_agonist_1993_train_ER04,AM2R (rat),ER04,agonist,1,0.9616254925727844,1,1,1
Q63118_Q9JJ74_LIG01159_nonagonist_1995_train_ER04,AM2R (rat),ER04,nonagonist,0,0.33800684809684756,0,1,1
Q9R1W5_Q9WTJ5_LIG01113_agonist_2235_train_ER04,CGRPR (mouse),ER04,agonist,1,0.9651084065437316,1,1,1
Q9R1W5_Q9WTJ5_LIG01115_agonist_2236_train_ER04,CGRPR (mouse),ER04,agonist,1,0.9673693895339965,1,1,1
Q9R1W5_Q9WUP0_LIG01115_agonist_2238_train_ER04,AM1R (mouse),ER04,agonist,1,0.9680875539779663,1,1,1
Q9R1W5_Q9WUP0_LIG01158_nonagonist_2237_train_ER04,AM1R (mouse),ER04,nonagonist,0,0.9725615978240967,1,0,1
Q9R1W5_Q9WUP1_LIG01113_agonist_2239_train_ER04,AM2R (mouse),ER04,agonist,1,0.9701325535774231,1,1,1
Q9R1W5_Q9WUP1_LIG01115_agonist_2242_train_ER04,AM2R (mouse),ER04,agonist,1,0.9763065934181213,1,1,1
Q9R1W5_Q9WUP1_LIG01158_nonagonist_2240_train_ER04,AM2R (mouse),ER04,nonagonist,0,0.9794026851654053,1,0,1
Q9R1W5_Q9WUP1_LIG01159_nonagonist_2241_train_ER04,AM2R (mouse),ER04,nonagonist,0,0.22102165520191192,0,1,1
