id,receptor,dG_AB_REU,dSASA
GA_005,AMY1R,-125.27035703394449,4310.368808796801
amylin,CGRP,-129.4757299949547,4423.069155612884
amylin,AM2R,-138.44529302135277,4422.470965343567
amylin,AM1R,-126.8199570238479,4290.030960201466
amylin,AMY1R,-115.14498557495483,4158.7828908261745
amylin,CTR,-127.40845096020519,4361.439260376316
amylin,AMY2R,-131.47910407094525,4255.869056732781
amylin,AMY3R,-140.267744008382,4420.953863101583
GA_005,AMY2R,-127.92408203858815,4120.045106395668
GA_005,AMY3R,-134.3502063777512,4461.762725035674
GA_005,CGRP,-119.88682839375429,4290.691369519362
GA_005,CTR,-82.32700091294271,3663.6120380843577
GA_005,AM2R,-122.02193890797605,4307.555431126813
GA_005,AM1R,-134.6342831610342,4160.935021420223
GA_006,AMY1R,-128.55204577752522,4322.994559390822
GA_006,AMY2R,-124.70417545396026,4134.545984438901
GA_006,CTR,-94.9673745173194,4202.234832837374
GA_006,AMY3R,-130.66804934358106,4285.643722182218
GA_006,AM1R,-77.99454097226317,3664.4784272820657
GA_006,CGRP,-124.78975024156443,4462.467946651744
GA_006,AM2R,-79.17858892902132,3813.8248938969164
GA_025,AM2R,-116.37230117341005,4012.4512982042015
GA_025,AMY1R,-126.90475236442796,4226.004735658926
GA_025,AMY2R,-114.70606247471665,4253.0152262092415
GA_025,AMY3R,-130.08329597590466,4299.415828300005
GA_025,CTR,-86.9198105345099,4022.171859052562
GA_025,CGRP,-125.47393514687519,4290.626140747451
GA_025,AM1R,-138.16836980515268,4384.860547254565
GA_078,AMY2R,-112.25230278883157,4132.670507923839
GA_078,AMY1R,-129.3603616396573,4440.9331590124075
GA_078,AMY3R,-124.2601825366595,4498.24048649628
GA_078,CTR,-85.26124110457476,4026.342567646298
GA_078,AM1R,-148.19081182397463,4475.43568869493
GA_078,CGRP,-127.83102403234102,4495.183809928564
GA_078,AM2R,-117.35880411003404,4164.022268399415
GA_079,AMY3R,-120.89441886334328,4206.141950171944
GA_079,AMY1R,-110.04787543479699,4209.979696486511
GA_079,AMY2R,-115.60029154655717,4191.972963939271
GA_079,AM1R,-131.42875803059223,4298.710156776839
GA_079,AM2R,-126.56442580337796,4270.578458958023
GA_090,AM1R,-127.73705162369674,4197.413007834379
GA_090,AMY1R,-115.37376630922006,4412.263186138239
GA_079,CTR,-75.02203365173182,3982.67387125604
GA_090,CGRP,-127.02471275707228,4542.6364034082035
GA_090,AMY3R,-131.16022920509818,4281.36269326572
GA_079,CGRP,-128.28426823708423,4488.688656322988
GA_090,AMY2R,-128.63886940002794,4109.345330509733
GA_090,CTR,-91.02101312684044,3970.05521833431
GA_090,AM2R,-73.8290998976305,4051.4205675926546
