id,receptor,d_nterm_tmd,d_cterm_deep,nterm_pass,deep_pass,pose_pass
GA_001,AMY1R,3.99,4.51,1,1,1
GA_001,AMY2R,4.12,4.55,1,1,1
GA_001,AMY3R,3.98,4.46,1,1,1
GA_001,CTR,4.13,4.97,1,1,1
GA_001,CGRP,4.08,5.09,1,1,1
GA_001,AM1R,3.74,5.65,1,1,1
GA_001,AM2R,4.04,11.74,1,0,0
GA_002,AMY1R,3.92,4.68,1,1,1
GA_002,AMY2R,4.02,6.13,1,1,1
GA_002,AMY3R,3.94,4.78,1,1,1
GA_002,CTR,4.93,19.94,1,0,0
GA_002,CGRP,3.98,6.01,1,1,1
GA_002,AM1R,3.74,4.83,1,1,1
GA_002,AM2R,3.95,4.48,1,1,1
GA_003,AMY1R,3.99,4.32,1,1,1
GA_003,AMY2R,4.11,4.68,1,1,1
GA_003,AMY3R,4.00,4.51,1,1,1
GA_003,CTR,4.08,4.97,1,1,1
GA_003,CGRP,4.07,5.10,1,1,1
GA_003,AM1R,3.73,4.93,1,1,1
GA_003,AM2R,4.06,4.89,1,1,1
GA_004,AMY1R,3.93,4.67,1,1,1
GA_004,AMY2R,4.24,6.52,1,1,1
GA_004,AMY3R,3.98,5.12,1,1,1
GA_004,CTR,4.71,6.84,1,1,1
GA_004,CGRP,5.10,4.91,1,1,1
GA_004,AM1R,5.18,8.91,1,0,0
GA_004,AM2R,5.13,8.33,1,0,0
GA_005,AMY1R,4.03,5.66,1,1,1
GA_005,AMY2R,4.14,9.83,1,0,0
GA_005,AMY3R,4.01,6.67,1,1,1
GA_005,CTR,4.12,4.86,1,1,1
GA_005,CGRP,4.02,5.32,1,1,1
GA_005,AM1R,3.75,9.81,1,0,0
GA_005,AM2R,4.02,13.73,1,0,0
GA_006,AMY1R,3.91,5.52,1,1,1
GA_006,AMY2R,4.11,12.85,1,0,0
GA_006,AMY3R,4.02,6.41,1,1,1
GA_006,CTR,4.12,15.91,1,0,0
GA_006,CGRP,4.04,5.62,1,1,1
GA_006,AM1R,3.76,9.73,1,0,0
GA_006,AM2R,4.04,11.79,1,0,0
GA_007,AMY1R,3.96,4.82,1,1,1
GA_007,AMY2R,4.10,13.99,1,0,0
GA_007,AMY3R,4.01,4.77,1,1,1
GA_007,CTR,4.12,4.99,1,1,1
GA_007,CGRP,4.00,5.38,1,1,1
GA_007,AM1R,3.69,4.99,1,1,1
GA_007,AM2R,4.04,4.94,1,1,1
GA_008,AMY1R,3.96,5.03,1,1,1
GA_008,AMY2R,4.11,14.04,1,0,0
GA_008,AMY3R,4.01,5.46,1,1,1
GA_008,CTR,4.10,5.29,1,1,1
GA_008,CGRP,3.99,5.11,1,1,1
GA_008,AM1R,3.67,4.68,1,1,1
GA_008,AM2R,4.06,4.97,1,1,1
GA_009,AMY1R,4.01,5.07,1,1,1
GA_009,AMY2R,4.12,13.78,1,0,0
GA_009,AMY3R,4.03,5.08,1,1,1
GA_009,CTR,4.91,6.89,1,1,1
GA_009,CGRP,4.96,6.85,1,1,1
GA_009,AM1R,5.29,4.99,1,1,1
GA_009,AM2R,7.28,5.21,1,1,1
GA_010,AMY1R,3.98,4.37,1,1,1
GA_010,AMY2R,4.04,5.35,1,1,1
GA_010,AMY3R,4.00,5.80,1,1,1
GA_010,CTR,5.51,5.05,1,1,1
GA_010,CGRP,4.12,5.99,1,1,1
GA_010,AM1R,3.77,5.68,1,1,1
GA_010,AM2R,4.08,5.98,1,1,1
GA_011,AMY1R,3.98,4.01,1,1,1
GA_011,AMY2R,4.04,4.59,1,1,1
GA_011,AMY3R,3.97,4.91,1,1,1
GA_011,CTR,4.07,5.07,1,1,1
GA_011,CGRP,4.07,5.86,1,1,1
GA_011,AM1R,3.74,5.06,1,1,1
GA_011,AM2R,4.06,12.62,1,0,0
GA_012,AMY1R,4.00,5.14,1,1,1
GA_012,AMY2R,4.13,13.11,1,0,0
GA_012,AMY3R,4.03,5.35,1,1,1
GA_012,CTR,4.70,13.66,1,0,0
GA_012,CGRP,6.51,5.46,1,1,1
GA_012,AM1R,7.20,4.28,1,1,1
GA_012,AM2R,6.12,5.95,1,1,1
GA_013,AMY1R,4.00,5.14,1,1,1
GA_013,AMY2R,4.13,13.11,1,0,0
GA_013,AMY3R,4.03,5.35,1,1,1
GA_013,CTR,4.70,13.66,1,0,0
GA_013,CGRP,6.51,5.46,1,1,1
GA_013,AM1R,7.20,4.28,1,1,1
GA_013,AM2R,6.12,5.95,1,1,1
GA_014,AMY1R,3.98,5.27,1,1,1
GA_014,AMY2R,4.10,13.36,1,0,0
GA_014,AMY3R,4.04,5.63,1,1,1
GA_014,CTR,5.33,10.47,1,0,0
GA_014,CGRP,5.29,5.85,1,1,1
GA_014,AM1R,7.76,5.24,1,1,1
GA_014,AM2R,5.36,4.95,1,1,1
GA_015,AMY1R,3.94,5.73,1,1,1
GA_015,AMY2R,4.13,13.20,1,0,0
GA_015,AMY3R,4.03,5.52,1,1,1
GA_015,CTR,4.67,10.09,1,0,0
GA_015,CGRP,5.31,7.77,1,1,1
GA_015,AM1R,6.92,3.59,1,1,1
GA_015,AM2R,6.68,5.11,1,1,1
GA_016,AMY1R,3.94,5.73,1,1,1
GA_016,AMY2R,4.13,13.20,1,0,0
GA_016,AMY3R,4.03,5.52,1,1,1
GA_016,CTR,4.67,10.09,1,0,0
GA_016,CGRP,5.31,7.77,1,1,1
GA_016,AM1R,6.92,3.59,1,1,1
GA_016,AM2R,6.68,5.11,1,1,1
GA_017,AMY1R,3.91,4.93,1,1,1
GA_017,AMY2R,4.09,5.60,1,1,1
GA_017,AMY3R,4.02,5.10,1,1,1
GA_017,CTR,5.40,8.41,1,0,0
GA_017,CGRP,4.83,7.62,1,1,1
GA_017,AM1R,7.14,4.56,1,1,1
GA_017,AM2R,4.89,5.49,1,1,1
GA_018,AMY1R,3.92,5.63,1,1,1
GA_018,AMY2R,4.09,5.11,1,1,1
GA_018,AMY3R,4.02,5.21,1,1,1
GA_018,CTR,5.19,8.00,1,1,1
GA_018,CGRP,4.89,6.74,1,1,1
GA_018,AM1R,6.45,4.48,1,1,1
GA_018,AM2R,4.99,5.57,1,1,1
GA_019,AMY1R,3.92,5.63,1,1,1
GA_019,AMY2R,4.09,5.11,1,1,1
GA_019,AMY3R,4.02,5.21,1,1,1
GA_019,CTR,5.19,8.00,1,1,1
GA_019,CGRP,4.89,6.74,1,1,1
GA_019,AM1R,6.45,4.48,1,1,1
GA_019,AM2R,4.99,5.57,1,1,1
GA_020,AMY1R,3.92,5.63,1,1,1
GA_020,AMY2R,4.09,5.11,1,1,1
GA_020,AMY3R,4.02,5.21,1,1,1
GA_020,CTR,5.19,8.00,1,1,1
GA_020,CGRP,4.89,6.74,1,1,1
GA_020,AM1R,6.45,4.48,1,1,1
GA_020,AM2R,4.99,5.57,1,1,1
GA_021,AMY1R,3.90,5.19,1,1,1
GA_021,AMY2R,4.14,5.26,1,1,1
GA_021,AMY3R,4.01,6.02,1,1,1
GA_021,CTR,4.12,5.59,1,1,1
GA_021,CGRP,3.92,5.54,1,1,1
GA_021,AM1R,3.76,4.72,1,1,1
GA_021,AM2R,4.05,5.17,1,1,1
GA_022,AMY1R,3.97,14.57,1,0,0
GA_022,AMY2R,4.06,13.24,1,0,0
GA_022,AMY3R,4.01,14.14,1,0,0
GA_022,CTR,6.15,11.48,1,0,0
GA_022,CGRP,5.24,6.07,1,1,1
GA_022,AM1R,5.09,4.63,1,1,1
GA_022,AM2R,5.30,5.58,1,1,1
GA_023,AMY1R,4.00,4.98,1,1,1
GA_023,AMY2R,4.12,13.65,1,0,0
GA_023,AMY3R,4.02,5.09,1,1,1
GA_023,CTR,4.81,5.35,1,1,1
GA_023,CGRP,4.97,6.45,1,1,1
GA_023,AM1R,7.10,3.82,1,1,1
GA_023,AM2R,6.60,5.56,1,1,1
GA_024,AMY1R,4.00,4.98,1,1,1
GA_024,AMY2R,4.12,13.65,1,0,0
GA_024,AMY3R,4.02,5.09,1,1,1
GA_024,CTR,4.81,5.35,1,1,1
GA_024,CGRP,4.97,6.45,1,1,1
GA_024,AM1R,7.10,3.82,1,1,1
GA_024,AM2R,6.60,5.56,1,1,1
GA_025,AMY1R,3.92,5.90,1,1,1
GA_025,AMY2R,4.10,5.63,1,1,1
GA_025,AMY3R,4.01,5.86,1,1,1
GA_025,CTR,5.47,5.53,1,1,1
GA_025,CGRP,5.37,5.57,1,1,1
GA_025,AM1R,4.95,13.31,1,0,0
GA_025,AM2R,5.46,8.44,1,0,0
GA_026,AMY1R,4.00,5.32,1,1,1
GA_026,AMY2R,4.10,13.12,1,0,0
GA_026,AMY3R,4.02,5.92,1,1,1
GA_026,CTR,6.19,11.20,1,0,0
GA_026,CGRP,4.09,5.73,1,1,1
GA_026,AM1R,6.85,3.99,1,1,1
GA_026,AM2R,5.31,6.99,1,1,1
GA_027,AMY1R,3.96,4.94,1,1,1
GA_027,AMY2R,4.12,16.87,1,0,0
GA_027,AMY3R,4.00,5.48,1,1,1
GA_027,CTR,4.14,5.83,1,1,1
GA_027,CGRP,4.04,5.40,1,1,1
GA_027,AM1R,3.68,5.44,1,1,1
GA_027,AM2R,4.00,20.54,1,0,0
GA_028,AMY1R,4.00,4.37,1,1,1
GA_028,AMY2R,4.09,4.72,1,1,1
GA_028,AMY3R,3.99,4.61,1,1,1
GA_028,CTR,4.11,4.56,1,1,1
GA_028,CGRP,4.08,5.03,1,1,1
GA_028,AM1R,3.73,5.33,1,1,1
GA_028,AM2R,4.07,5.39,1,1,1
GA_029,AMY1R,3.97,5.00,1,1,1
GA_029,AMY2R,4.12,5.12,1,1,1
GA_029,AMY3R,4.01,5.14,1,1,1
GA_029,CTR,5.09,10.71,1,0,0
GA_029,CGRP,4.93,7.27,1,1,1
GA_029,AM1R,6.54,4.92,1,1,1
GA_029,AM2R,6.44,5.82,1,1,1
GA_030,AMY1R,3.95,4.83,1,1,1
GA_030,AMY2R,4.13,6.15,1,1,1
GA_030,AMY3R,4.00,6.05,1,1,1
GA_030,CTR,4.07,5.53,1,1,1
GA_030,CGRP,3.92,5.43,1,1,1
GA_030,AM1R,3.76,4.93,1,1,1
GA_030,AM2R,4.09,3.96,1,1,1
GA_031,AMY1R,3.97,5.00,1,1,1
GA_031,AMY2R,4.12,5.12,1,1,1
GA_031,AMY3R,4.01,5.14,1,1,1
GA_031,CTR,5.09,10.71,1,0,0
GA_031,CGRP,4.93,7.27,1,1,1
GA_031,AM1R,6.54,4.92,1,1,1
GA_031,AM2R,6.44,5.82,1,1,1
GA_032,AMY1R,3.96,4.82,1,1,1
GA_032,AMY2R,4.10,5.70,1,1,1
GA_032,AMY3R,4.01,5.99,1,1,1
GA_032,CTR,5.54,14.39,1,0,0
GA_032,CGRP,4.04,5.34,1,1,1
GA_032,AM1R,3.70,4.91,1,1,1
GA_032,AM2R,4.07,5.09,1,1,1
GA_033,AMY1R,4.01,5.13,1,1,1
GA_033,AMY2R,4.10,14.14,1,0,0
GA_033,AMY3R,4.03,5.51,1,1,1
GA_033,CTR,4.08,14.97,1,0,0
GA_033,CGRP,3.98,5.16,1,1,1
GA_033,AM1R,3.71,4.81,1,1,1
GA_033,AM2R,4.01,5.15,1,1,1
GA_034,AMY1R,3.98,5.14,1,1,1
GA_034,AMY2R,4.12,14.18,1,0,0
GA_034,AMY3R,4.02,5.60,1,1,1
GA_034,CTR,4.12,16.30,1,0,0
GA_034,CGRP,4.05,5.40,1,1,1
GA_034,AM1R,3.69,4.87,1,1,1
GA_034,AM2R,4.08,18.51,1,0,0
GA_035,AMY1R,3.95,12.66,1,0,0
GA_035,AMY2R,4.11,12.93,1,0,0
GA_035,AMY3R,4.00,4.77,1,1,1
GA_035,CTR,4.10,15.73,1,0,0
GA_035,CGRP,3.99,5.21,1,1,1
GA_035,AM1R,3.70,4.74,1,1,1
GA_035,AM2R,4.07,5.05,1,1,1
GA_036,AMY1R,3.95,12.66,1,0,0
GA_036,AMY2R,4.11,12.93,1,0,0
GA_036,AMY3R,4.00,4.77,1,1,1
GA_036,CTR,4.10,15.73,1,0,0
GA_036,CGRP,3.99,5.21,1,1,1
GA_036,AM1R,3.70,4.74,1,1,1
GA_036,AM2R,4.07,5.05,1,1,1
GA_037,AMY1R,3.95,12.70,1,0,0
GA_037,AMY2R,4.10,12.96,1,0,0
GA_037,AMY3R,4.02,4.50,1,1,1
GA_037,CTR,4.93,6.76,1,1,1
GA_037,CGRP,4.00,5.35,1,1,1
GA_037,AM1R,3.70,4.77,1,1,1
GA_037,AM2R,4.05,4.94,1,1,1
GA_038,AMY1R,3.96,12.70,1,0,0
GA_038,AMY2R,4.11,12.95,1,0,0
GA_038,AMY3R,4.01,14.16,1,0,0
GA_038,CTR,4.94,6.69,1,1,1
GA_038,CGRP,4.01,5.10,1,1,1
GA_038,AM1R,3.70,4.76,1,1,1
GA_038,AM2R,4.05,4.96,1,1,1
GA_039,AMY1R,3.95,4.98,1,1,1
GA_039,AMY2R,4.11,4.63,1,1,1
GA_039,AMY3R,4.00,4.90,1,1,1
GA_039,CTR,4.08,15.89,1,0,0
GA_039,CGRP,4.08,5.95,1,1,1
GA_039,AM1R,3.73,4.50,1,1,1
GA_039,AM2R,4.07,4.58,1,1,1
GA_040,AMY1R,3.95,12.54,1,0,0
GA_040,AMY2R,4.12,5.62,1,1,1
GA_040,AMY3R,4.02,5.19,1,1,1
GA_040,CTR,4.09,15.76,1,0,0
GA_040,CGRP,4.07,5.61,1,1,1
GA_040,AM1R,3.72,5.35,1,1,1
GA_040,AM2R,4.08,5.24,1,1,1
GA_041,AMY1R,3.97,13.17,1,0,0
GA_041,AMY2R,4.12,13.44,1,0,0
GA_041,AMY3R,4.03,6.05,1,1,1
GA_041,CTR,4.86,10.46,1,0,0
GA_041,CGRP,5.36,6.68,1,1,1
GA_041,AM1R,7.07,3.83,1,1,1
GA_041,AM2R,6.55,6.06,1,1,1
GA_042,AMY1R,3.92,5.72,1,1,1
GA_042,AMY2R,4.09,6.42,1,1,1
GA_042,AMY3R,4.02,5.70,1,1,1
GA_042,CTR,4.73,4.86,1,1,1
GA_042,CGRP,5.15,8.18,1,0,0
GA_042,AM1R,5.47,3.98,1,1,1
GA_042,AM2R,5.08,4.99,1,1,1
GA_043,AMY1R,3.96,4.93,1,1,1
GA_043,AMY2R,4.12,5.19,1,1,1
GA_043,AMY3R,4.02,5.27,1,1,1
GA_043,CTR,4.10,16.53,1,0,0
GA_043,CGRP,4.01,5.95,1,1,1
GA_043,AM1R,3.70,4.90,1,1,1
GA_043,AM2R,4.01,4.99,1,1,1
GA_044,AMY1R,3.96,4.93,1,1,1
GA_044,AMY2R,4.12,5.19,1,1,1
GA_044,AMY3R,4.02,5.27,1,1,1
GA_044,CTR,4.10,16.53,1,0,0
GA_044,CGRP,4.01,5.95,1,1,1
GA_044,AM1R,3.70,4.90,1,1,1
GA_044,AM2R,4.01,4.99,1,1,1
GA_045,AMY1R,4.00,13.50,1,0,0
GA_045,AMY2R,4.12,14.15,1,0,0
GA_045,AMY3R,4.03,5.48,1,1,1
GA_045,CTR,4.09,5.36,1,1,1
GA_045,CGRP,4.01,5.61,1,1,1
GA_045,AM1R,3.70,5.02,1,1,1
GA_045,AM2R,4.10,19.43,1,0,0
GA_046,AMY1R,3.97,5.00,1,1,1
GA_046,AMY2R,4.12,5.05,1,1,1
GA_046,AMY3R,4.00,5.39,1,1,1
GA_046,CTR,4.07,4.86,1,1,1
GA_046,CGRP,3.98,5.90,1,1,1
GA_046,AM1R,3.68,4.62,1,1,1
GA_046,AM2R,4.06,4.98,1,1,1
GA_047,AMY1R,3.97,4.88,1,1,1
GA_047,AMY2R,4.10,4.87,1,1,1
GA_047,AMY3R,4.01,5.58,1,1,1
GA_047,CTR,4.08,16.60,1,0,0
GA_047,CGRP,3.98,6.23,1,1,1
GA_047,AM1R,3.74,4.93,1,1,1
GA_047,AM2R,4.03,4.81,1,1,1
GA_048,AMY1R,3.96,4.93,1,1,1
GA_048,AMY2R,4.12,5.19,1,1,1
GA_048,AMY3R,4.02,5.27,1,1,1
GA_048,CTR,4.10,16.53,1,0,0
GA_048,CGRP,4.01,5.95,1,1,1
GA_048,AM1R,3.70,4.90,1,1,1
GA_048,AM2R,4.01,4.99,1,1,1
GA_049,AMY1R,3.95,4.86,1,1,1
GA_049,AMY2R,4.11,4.99,1,1,1
GA_049,AMY3R,4.00,4.79,1,1,1
GA_049,CTR,5.54,14.32,1,0,0
GA_049,CGRP,4.09,5.53,1,1,1
GA_049,AM1R,3.76,4.67,1,1,1
GA_049,AM2R,4.04,4.56,1,1,1
GA_050,AMY1R,3.96,4.93,1,1,1
GA_050,AMY2R,4.12,5.19,1,1,1
GA_050,AMY3R,4.02,5.27,1,1,1
GA_050,CTR,4.10,16.53,1,0,0
GA_050,CGRP,4.01,5.95,1,1,1
GA_050,AM1R,3.70,4.90,1,1,1
GA_050,AM2R,4.01,4.99,1,1,1
GA_051,AMY1R,4.02,5.91,1,1,1
GA_051,AMY2R,4.15,5.16,1,1,1
GA_051,AMY3R,4.01,5.58,1,1,1
GA_051,CTR,5.11,7.43,1,1,1
GA_051,CGRP,4.33,4.73,1,1,1
GA_051,AM1R,4.57,4.70,1,1,1
GA_051,AM2R,5.07,4.50,1,1,1
GA_052,AMY1R,3.99,5.14,1,1,1
GA_052,AMY2R,5.10,9.11,1,0,0
GA_052,AMY3R,4.11,5.21,1,1,1
GA_052,CTR,5.00,10.92,1,0,0
GA_052,CGRP,4.94,6.16,1,1,1
GA_052,AM1R,4.82,13.16,1,0,0
GA_052,AM2R,5.26,6.60,1,1,1
GA_053,AMY1R,3.90,13.40,1,0,0
GA_053,AMY2R,4.05,14.78,1,0,0
GA_053,AMY3R,4.03,13.68,1,0,0
GA_053,CTR,4.69,6.00,1,1,1
GA_053,CGRP,4.85,6.78,1,1,1
GA_053,AM1R,7.02,3.55,1,1,1
GA_053,AM2R,4.35,4.86,1,1,1
GA_054,AMY1R,4.04,5.47,1,1,1
GA_054,AMY2R,4.08,4.47,1,1,1
GA_054,AMY3R,3.98,5.45,1,1,1
GA_054,CTR,4.14,5.55,1,1,1
GA_054,CGRP,4.11,6.16,1,1,1
GA_054,AM1R,3.75,5.03,1,1,1
GA_054,AM2R,4.11,5.85,1,1,1
GA_055,AMY1R,3.89,6.00,1,1,1
GA_055,AMY2R,4.11,13.62,1,0,0
GA_055,AMY3R,4.02,5.49,1,1,1
GA_055,CTR,4.10,12.93,1,0,0
GA_055,CGRP,5.26,8.01,1,0,0
GA_055,AM1R,5.49,4.59,1,1,1
GA_055,AM2R,4.10,4.99,1,1,1
GA_056,AMY1R,3.94,4.91,1,1,1
GA_056,AMY2R,4.13,5.73,1,1,1
GA_056,AMY3R,4.02,5.06,1,1,1
GA_056,CTR,5.27,10.74,1,0,0
GA_056,CGRP,4.85,5.85,1,1,1
GA_056,AM1R,7.18,4.52,1,1,1
GA_056,AM2R,6.51,4.16,1,1,1
GA_057,AMY1R,3.98,5.49,1,1,1
GA_057,AMY2R,4.12,5.17,1,1,1
GA_057,AMY3R,4.03,5.15,1,1,1
GA_057,CTR,5.13,9.81,1,0,0
GA_057,CGRP,5.12,5.66,1,1,1
GA_057,AM1R,7.05,4.70,1,1,1
GA_057,AM2R,6.38,5.23,1,1,1
GA_058,AMY1R,3.93,5.14,1,1,1
GA_058,AMY2R,4.10,4.71,1,1,1
GA_058,AMY3R,4.01,5.58,1,1,1
GA_058,CTR,4.14,6.16,1,1,1
GA_058,CGRP,4.03,5.04,1,1,1
GA_058,AM1R,3.75,5.34,1,1,1
GA_058,AM2R,4.02,5.57,1,1,1
GA_059,AMY1R,4.00,5.21,1,1,1
GA_059,AMY2R,4.15,4.94,1,1,1
GA_059,AMY3R,4.05,5.79,1,1,1
GA_059,CTR,4.18,3.70,1,1,1
GA_059,CGRP,4.95,7.64,1,1,1
GA_059,AM1R,6.17,4.66,1,1,1
GA_059,AM2R,6.26,5.30,1,1,1
GA_060,AMY1R,4.00,5.05,1,1,1
GA_060,AMY2R,4.14,6.52,1,1,1
GA_060,AMY3R,4.03,4.60,1,1,1
GA_060,CTR,6.43,4.35,1,1,1
GA_060,CGRP,4.98,9.12,1,0,0
GA_060,AM1R,6.66,5.02,1,1,1
GA_060,AM2R,5.35,4.67,1,1,1
GA_061,AMY1R,5.35,5.16,1,1,1
GA_061,AMY2R,4.11,13.41,1,0,0
GA_061,AMY3R,4.01,14.69,1,0,0
GA_061,CTR,5.19,10.88,1,0,0
GA_061,CGRP,5.02,7.13,1,1,1
GA_061,AM1R,6.10,3.73,1,1,1
GA_061,AM2R,7.82,5.46,1,1,1
GA_062,AMY1R,4.02,16.50,1,0,0
GA_062,AMY2R,4.14,17.96,1,0,0
GA_062,AMY3R,4.02,15.30,1,0,0
GA_062,CTR,4.08,14.10,1,0,0
GA_062,CGRP,3.87,4.66,1,1,1
GA_062,AM1R,3.68,4.99,1,1,1
GA_062,AM2R,4.07,5.19,1,1,1
GA_063,AMY1R,3.91,6.41,1,1,1
GA_063,AMY2R,4.05,5.28,1,1,1
GA_063,AMY3R,4.04,5.20,1,1,1
GA_063,CTR,4.66,10.44,1,0,0
GA_063,CGRP,4.98,6.72,1,1,1
GA_063,AM1R,5.61,4.63,1,1,1
GA_063,AM2R,4.82,4.57,1,1,1
GA_064,AMY1R,4.06,4.57,1,1,1
GA_064,AMY2R,4.13,5.82,1,1,1
GA_064,AMY3R,3.99,6.14,1,1,1
GA_064,CTR,4.15,5.37,1,1,1
GA_064,CGRP,4.11,5.86,1,1,1
GA_064,AM1R,3.77,6.13,1,1,1
GA_064,AM2R,4.08,6.12,1,1,1
GA_065,AMY1R,3.98,13.00,1,0,0
GA_065,AMY2R,4.13,13.24,1,0,0
GA_065,AMY3R,4.01,14.32,1,0,0
GA_065,CTR,4.59,7.96,1,1,1
GA_065,CGRP,4.39,6.78,1,1,1
GA_065,AM1R,3.70,4.80,1,1,1
GA_065,AM2R,5.26,4.74,1,1,1
GA_066,AMY1R,3.97,13.14,1,0,0
GA_066,AMY2R,4.10,13.12,1,0,0
GA_066,AMY3R,4.01,14.09,1,0,0
GA_066,CTR,4.12,15.87,1,0,0
GA_066,CGRP,4.05,5.99,1,1,1
GA_066,AM1R,3.70,5.85,1,1,1
GA_066,AM2R,4.05,5.04,1,1,1
GA_067,AMY1R,3.97,13.14,1,0,0
GA_067,AMY2R,4.10,13.12,1,0,0
GA_067,AMY3R,4.01,14.09,1,0,0
GA_067,CTR,4.12,15.87,1,0,0
GA_067,CGRP,4.05,5.99,1,1,1
GA_067,AM1R,3.70,5.85,1,1,1
GA_067,AM2R,4.05,5.04,1,1,1
GA_068,AMY1R,3.99,9.81,1,0,0
GA_068,AMY2R,4.10,11.22,1,0,0
GA_068,AMY3R,3.94,5.54,1,1,1
GA_068,CTR,5.09,7.61,1,1,1
GA_068,CGRP,3.96,5.47,1,1,1
GA_068,AM1R,3.67,5.46,1,1,1
GA_068,AM2R,3.95,9.57,1,0,0
GA_069,AMY1R,3.99,6.19,1,1,1
GA_069,AMY2R,4.13,13.40,1,0,0
GA_069,AMY3R,4.03,6.00,1,1,1
GA_069,CTR,6.26,10.09,1,0,0
GA_069,CGRP,5.17,5.27,1,1,1
GA_069,AM1R,5.63,5.56,1,1,1
GA_069,AM2R,6.88,4.23,1,1,1
GA_070,AMY1R,3.87,5.36,1,1,1
GA_070,AMY2R,4.09,4.96,1,1,1
GA_070,AMY3R,3.99,4.88,1,1,1
GA_070,CTR,4.06,16.58,1,0,0
GA_070,CGRP,3.95,5.99,1,1,1
GA_070,AM1R,3.68,5.82,1,1,1
GA_070,AM2R,4.04,5.28,1,1,1
GA_071,AMY1R,3.92,6.31,1,1,1
GA_071,AMY2R,4.10,5.14,1,1,1
GA_071,AMY3R,4.03,5.90,1,1,1
GA_071,CTR,4.71,9.96,1,0,0
GA_071,CGRP,5.17,6.43,1,1,1
GA_071,AM1R,6.02,3.79,1,1,1
GA_071,AM2R,4.96,4.28,1,1,1
GA_072,AMY1R,3.97,5.32,1,1,1
GA_072,AMY2R,4.10,5.14,1,1,1
GA_072,AMY3R,4.01,6.01,1,1,1
GA_072,CTR,4.09,6.28,1,1,1
GA_072,CGRP,4.08,11.05,1,0,0
GA_072,AM1R,3.73,5.50,1,1,1
GA_072,AM2R,4.01,6.64,1,1,1
GA_073,AMY1R,4.03,5.26,1,1,1
GA_073,AMY2R,4.10,5.26,1,1,1
GA_073,AMY3R,4.01,5.43,1,1,1
GA_073,CTR,4.12,5.14,1,1,1
GA_073,CGRP,4.07,5.46,1,1,1
GA_073,AM1R,3.74,5.39,1,1,1
GA_073,AM2R,4.00,6.00,1,1,1
GA_074,AMY1R,3.95,5.90,1,1,1
GA_074,AMY2R,4.16,5.03,1,1,1
GA_074,AMY3R,4.03,5.65,1,1,1
GA_074,CTR,5.34,3.80,1,1,1
GA_074,CGRP,4.63,4.74,1,1,1
GA_074,AM1R,4.93,4.44,1,1,1
GA_074,AM2R,5.05,4.23,1,1,1
GA_075,AMY1R,4.00,5.04,1,1,1
GA_075,AMY2R,4.15,4.78,1,1,1
GA_075,AMY3R,4.03,6.09,1,1,1
GA_075,CTR,6.90,11.58,1,0,0
GA_075,CGRP,5.09,8.78,1,0,0
GA_075,AM1R,7.09,4.49,1,1,1
GA_075,AM2R,5.63,6.75,1,1,1
GA_076,AMY1R,3.98,4.96,1,1,1
GA_076,AMY2R,4.11,5.83,1,1,1
GA_076,AMY3R,4.00,4.74,1,1,1
GA_076,CTR,4.03,15.98,1,0,0
GA_076,CGRP,4.09,4.94,1,1,1
GA_076,AM1R,3.70,4.88,1,1,1
GA_076,AM2R,4.05,4.50,1,1,1
GA_077,AMY1R,3.96,5.03,1,1,1
GA_077,AMY2R,4.12,13.44,1,0,0
GA_077,AMY3R,4.03,5.11,1,1,1
GA_077,CTR,4.99,10.23,1,0,0
GA_077,CGRP,4.85,7.28,1,1,1
GA_077,AM1R,7.39,4.54,1,1,1
GA_077,AM2R,6.26,4.99,1,1,1
GA_078,AMY1R,3.96,5.03,1,1,1
GA_078,AMY2R,4.12,13.44,1,0,0
GA_078,AMY3R,4.03,5.11,1,1,1
GA_078,CTR,4.99,10.23,1,0,0
GA_078,CGRP,4.85,7.28,1,1,1
GA_078,AM1R,7.39,4.54,1,1,1
GA_078,AM2R,6.26,4.99,1,1,1
GA_079,AMY1R,3.96,5.03,1,1,1
GA_079,AMY2R,4.12,13.44,1,0,0
GA_079,AMY3R,4.03,5.11,1,1,1
GA_079,CTR,4.99,10.23,1,0,0
GA_079,CGRP,4.85,7.28,1,1,1
GA_079,AM1R,7.39,4.54,1,1,1
GA_079,AM2R,6.26,4.99,1,1,1
GA_080,AMY1R,3.96,5.03,1,1,1
GA_080,AMY2R,4.12,13.44,1,0,0
GA_080,AMY3R,4.03,5.11,1,1,1
GA_080,CTR,4.99,10.23,1,0,0
GA_080,CGRP,4.85,7.28,1,1,1
GA_080,AM1R,7.39,4.54,1,1,1
GA_080,AM2R,6.26,4.99,1,1,1
GA_081,AMY1R,3.96,5.03,1,1,1
GA_081,AMY2R,4.12,13.44,1,0,0
GA_081,AMY3R,4.03,5.11,1,1,1
GA_081,CTR,4.99,10.23,1,0,0
GA_081,CGRP,4.85,7.28,1,1,1
GA_081,AM1R,7.39,4.54,1,1,1
GA_081,AM2R,6.26,4.99,1,1,1
GA_082,AMY1R,3.96,5.03,1,1,1
GA_082,AMY2R,4.12,13.44,1,0,0
GA_082,AMY3R,4.03,5.11,1,1,1
GA_082,CTR,4.99,10.23,1,0,0
GA_082,CGRP,4.85,7.28,1,1,1
GA_082,AM1R,7.39,4.54,1,1,1
GA_082,AM2R,6.26,4.99,1,1,1
GA_083,AMY1R,3.96,5.03,1,1,1
GA_083,AMY2R,4.12,13.44,1,0,0
GA_083,AMY3R,4.03,5.11,1,1,1
GA_083,CTR,4.99,10.23,1,0,0
GA_083,CGRP,4.85,7.28,1,1,1
GA_083,AM1R,7.39,4.54,1,1,1
GA_083,AM2R,6.26,4.99,1,1,1
GA_084,AMY1R,3.96,5.03,1,1,1
GA_084,AMY2R,4.12,13.44,1,0,0
GA_084,AMY3R,4.03,5.11,1,1,1
GA_084,CTR,4.99,10.23,1,0,0
GA_084,CGRP,4.85,7.28,1,1,1
GA_084,AM1R,7.39,4.54,1,1,1
GA_084,AM2R,6.26,4.99,1,1,1
GA_085,AMY1R,4.03,6.50,1,1,1
GA_085,AMY2R,4.13,5.33,1,1,1
GA_085,AMY3R,4.02,4.96,1,1,1
GA_085,CTR,5.78,7.35,1,1,1
GA_085,CGRP,7.46,8.02,1,0,0
GA_085,AM1R,4.89,4.84,1,1,1
GA_085,AM2R,5.00,4.33,1,1,1
GA_086,AMY1R,4.02,6.64,1,1,1
GA_086,AMY2R,4.13,5.33,1,1,1
GA_086,AMY3R,4.02,4.96,1,1,1
GA_086,CTR,5.78,7.35,1,1,1
GA_086,CGRP,7.46,8.02,1,0,0
GA_086,AM1R,4.89,4.84,1,1,1
GA_086,AM2R,5.00,4.33,1,1,1
GA_087,AMY1R,4.04,5.54,1,1,1
GA_087,AMY2R,4.13,5.11,1,1,1
GA_087,AMY3R,4.03,5.59,1,1,1
GA_087,CTR,5.12,8.86,1,0,0
GA_087,CGRP,4.51,4.52,1,1,1
GA_087,AM1R,4.77,4.50,1,1,1
GA_087,AM2R,5.23,4.24,1,1,1
GA_088,AMY1R,3.93,5.84,1,1,1
GA_088,AMY2R,4.10,5.35,1,1,1
GA_088,AMY3R,4.00,5.80,1,1,1
GA_088,CTR,4.12,16.52,1,0,0
GA_088,CGRP,4.08,9.42,1,0,0
GA_088,AM1R,3.73,4.75,1,1,1
GA_088,AM2R,4.01,6.05,1,1,1
GA_089,AMY1R,3.97,13.35,1,0,0
GA_089,AMY2R,4.14,21.27,1,0,0
GA_089,AMY3R,4.02,4.30,1,1,1
GA_089,CTR,5.01,10.46,1,0,0
GA_089,CGRP,5.00,6.41,1,1,1
GA_089,AM1R,5.52,4.75,1,1,1
GA_089,AM2R,6.48,5.27,1,1,1
GA_090,AMY1R,3.98,5.19,1,1,1
GA_090,AMY2R,4.13,12.73,1,0,0
GA_090,AMY3R,4.03,5.13,1,1,1
GA_090,CTR,4.63,4.61,1,1,1
GA_090,CGRP,5.20,6.20,1,1,1
GA_090,AM1R,7.68,4.57,1,1,1
GA_090,AM2R,6.60,4.43,1,1,1
GA_091,AMY1R,3.98,5.75,1,1,1
GA_091,AMY2R,4.13,5.98,1,1,1
GA_091,AMY3R,3.98,5.76,1,1,1
GA_091,CTR,4.10,5.32,1,1,1
GA_091,CGRP,4.11,5.87,1,1,1
GA_091,AM1R,3.78,6.05,1,1,1
GA_091,AM2R,4.10,6.10,1,1,1
GA_092,AMY1R,3.98,5.49,1,1,1
GA_092,AMY2R,4.17,4.65,1,1,1
GA_092,AMY3R,4.03,5.00,1,1,1
GA_092,CTR,6.11,10.65,1,0,0
GA_092,CGRP,5.10,7.45,1,1,1
GA_092,AM1R,5.14,4.69,1,1,1
GA_092,AM2R,5.78,5.04,1,1,1
GA_093,AMY1R,3.98,6.21,1,1,1
GA_093,AMY2R,4.11,13.71,1,0,0
GA_093,AMY3R,4.04,4.67,1,1,1
GA_093,CTR,4.59,8.56,1,0,0
GA_093,CGRP,5.02,6.49,1,1,1
GA_093,AM1R,6.97,4.87,1,1,1
GA_093,AM2R,7.16,5.10,1,1,1
GA_094,AMY1R,3.98,12.85,1,0,0
GA_094,AMY2R,4.13,13.22,1,0,0
GA_094,AMY3R,4.02,6.03,1,1,1
GA_094,CTR,5.16,7.79,1,1,1
GA_094,CGRP,5.35,6.66,1,1,1
GA_094,AM1R,5.23,3.12,1,1,1
GA_094,AM2R,6.82,5.32,1,1,1
GA_095,AMY1R,3.89,4.71,1,1,1
GA_095,AMY2R,4.10,5.58,1,1,1
GA_095,AMY3R,4.01,5.91,1,1,1
GA_095,CTR,4.08,5.51,1,1,1
GA_095,CGRP,3.84,4.77,1,1,1
GA_095,AM1R,3.76,5.40,1,1,1
GA_095,AM2R,4.11,5.38,1,1,1
GA_096,AMY1R,4.02,5.01,1,1,1
GA_096,AMY2R,4.16,16.13,1,0,0
GA_096,AMY3R,3.99,5.45,1,1,1
GA_096,CTR,4.06,5.20,1,1,1
GA_096,CGRP,4.04,5.70,1,1,1
GA_096,AM1R,3.67,5.05,1,1,1
GA_096,AM2R,4.08,5.85,1,1,1
GA_097,AMY1R,3.92,5.55,1,1,1
GA_097,AMY2R,4.13,13.31,1,0,0
GA_097,AMY3R,4.03,5.57,1,1,1
GA_097,CTR,5.70,10.73,1,0,0
GA_097,CGRP,4.01,6.80,1,1,1
GA_097,AM1R,7.86,4.07,1,1,1
GA_097,AM2R,5.83,6.45,1,1,1
GA_098,AMY1R,3.99,5.68,1,1,1
GA_098,AMY2R,4.12,13.30,1,0,0
GA_098,AMY3R,4.02,6.06,1,1,1
GA_098,CTR,5.17,9.12,1,0,0
GA_098,CGRP,5.24,3.61,1,1,1
GA_098,AM1R,5.26,4.33,1,1,1
GA_098,AM2R,5.38,5.87,1,1,1
GA_099,AMY1R,3.90,5.77,1,1,1
GA_099,AMY2R,4.14,5.13,1,1,1
GA_099,AMY3R,3.97,5.32,1,1,1
GA_099,CTR,4.98,8.76,1,0,0
GA_099,CGRP,5.12,6.39,1,1,1
GA_099,AM1R,5.67,3.77,1,1,1
GA_099,AM2R,4.92,5.05,1,1,1
GA_100,AMY1R,3.90,5.66,1,1,1
GA_100,AMY2R,4.07,6.33,1,1,1
GA_100,AMY3R,4.02,5.46,1,1,1
GA_100,CTR,5.07,8.20,1,0,0
GA_100,CGRP,5.02,7.46,1,1,1
GA_100,AM1R,6.00,4.39,1,1,1
GA_100,AM2R,5.00,5.02,1,1,1
GA_101,AMY1R,3.95,5.03,1,1,1
GA_101,AMY2R,4.13,13.51,1,0,0
GA_101,AMY3R,3.97,4.79,1,1,1
GA_101,CTR,4.03,5.56,1,1,1
GA_101,CGRP,4.03,5.02,1,1,1
GA_101,AM1R,3.72,5.28,1,1,1
GA_101,AM2R,4.07,5.15,1,1,1
GA_102,AMY1R,4.04,8.97,1,0,0
GA_102,AMY2R,4.14,4.82,1,1,1
GA_102,AMY3R,4.02,4.57,1,1,1
GA_102,CTR,5.47,4.05,1,1,1
GA_102,CGRP,4.49,4.49,1,1,1
GA_102,AM1R,4.68,4.57,1,1,1
GA_102,AM2R,5.21,4.34,1,1,1
GA_103,AMY1R,4.00,5.30,1,1,1
GA_103,AMY2R,4.08,5.10,1,1,1
GA_103,AMY3R,4.01,5.82,1,1,1
GA_103,CTR,4.09,5.34,1,1,1
GA_103,CGRP,4.09,6.22,1,1,1
GA_103,AM1R,3.75,5.45,1,1,1
GA_103,AM2R,4.09,5.82,1,1,1
GA_104,AMY1R,3.98,5.23,1,1,1
GA_104,AMY2R,4.09,5.35,1,1,1
GA_104,AMY3R,3.93,5.09,1,1,1
GA_104,CTR,4.12,5.02,1,1,1
GA_104,CGRP,4.08,5.63,1,1,1
GA_104,AM1R,3.72,4.92,1,1,1
GA_104,AM2R,4.03,5.30,1,1,1
GA_105,AMY1R,3.87,5.70,1,1,1
GA_105,AMY2R,4.08,5.15,1,1,1
GA_105,AMY3R,3.99,5.25,1,1,1
GA_105,CTR,5.28,8.38,1,0,0
GA_105,CGRP,4.92,6.02,1,1,1
GA_105,AM1R,7.01,4.70,1,1,1
GA_105,AM2R,7.25,5.36,1,1,1
GA_106,AMY1R,4.01,5.28,1,1,1
GA_106,AMY2R,4.17,4.27,1,1,1
GA_106,AMY3R,4.03,5.63,1,1,1
GA_106,CTR,5.49,10.01,1,0,0
GA_106,CGRP,5.27,7.73,1,1,1
GA_106,AM1R,6.00,5.71,1,1,1
GA_106,AM2R,6.92,5.21,1,1,1
GA_107,AMY1R,4.01,5.10,1,1,1
GA_107,AMY2R,4.12,4.97,1,1,1
GA_107,AMY3R,4.01,4.87,1,1,1
GA_107,CTR,4.10,15.99,1,0,0
GA_107,CGRP,4.01,4.95,1,1,1
GA_107,AM1R,3.72,5.11,1,1,1
GA_107,AM2R,4.10,4.88,1,1,1
GA_108,AMY1R,4.04,9.70,1,0,0
GA_108,AMY2R,4.14,5.95,1,1,1
GA_108,AMY3R,4.02,6.75,1,1,1
GA_108,CTR,5.51,4.13,1,1,1
GA_108,CGRP,7.76,6.82,1,1,1
GA_108,AM1R,4.81,5.60,1,1,1
GA_108,AM2R,5.49,5.20,1,1,1
GA_109,AMY1R,3.98,5.28,1,1,1
GA_109,AMY2R,4.12,5.14,1,1,1
GA_109,AMY3R,4.00,5.07,1,1,1
GA_109,CTR,4.52,5.21,1,1,1
GA_109,CGRP,4.87,7.57,1,1,1
GA_109,AM1R,7.71,5.14,1,1,1
GA_109,AM2R,7.10,5.72,1,1,1
GA_110,AMY1R,3.98,5.28,1,1,1
GA_110,AMY2R,4.12,5.14,1,1,1
GA_110,AMY3R,4.00,5.07,1,1,1
GA_110,CTR,4.52,5.21,1,1,1
GA_110,CGRP,4.87,7.57,1,1,1
GA_110,AM1R,7.71,5.14,1,1,1
GA_110,AM2R,7.10,5.72,1,1,1
GA_111,AMY1R,3.98,5.28,1,1,1
GA_111,AMY2R,4.12,5.14,1,1,1
GA_111,AMY3R,4.00,5.07,1,1,1
GA_111,CTR,4.52,5.21,1,1,1
GA_111,CGRP,4.87,7.57,1,1,1
GA_111,AM1R,7.71,5.14,1,1,1
GA_111,AM2R,7.10,5.72,1,1,1
GA_112,AMY1R,3.94,6.00,1,1,1
GA_112,AMY2R,4.11,14.32,1,0,0
GA_112,AMY3R,4.03,4.87,1,1,1
GA_112,CTR,5.03,8.18,1,0,0
GA_112,CGRP,5.18,5.88,1,1,1
GA_112,AM1R,5.42,5.24,1,1,1
GA_112,AM2R,5.88,10.16,1,0,0
GA_113,AMY1R,4.00,5.26,1,1,1
GA_113,AMY2R,4.14,5.24,1,1,1
GA_113,AMY3R,4.01,5.61,1,1,1
GA_113,CTR,6.40,11.44,1,0,0
GA_113,CGRP,4.10,5.87,1,1,1
GA_113,AM1R,7.34,4.74,1,1,1
GA_113,AM2R,5.71,6.72,1,1,1
GA_114,AMY1R,4.00,5.26,1,1,1
GA_114,AMY2R,4.14,5.24,1,1,1
GA_114,AMY3R,4.01,5.61,1,1,1
GA_114,CTR,6.40,11.44,1,0,0
GA_114,CGRP,4.10,5.87,1,1,1
GA_114,AM1R,7.34,4.74,1,1,1
GA_114,AM2R,5.71,6.72,1,1,1
GA_115,AMY1R,3.97,6.24,1,1,1
GA_115,AMY2R,4.13,6.33,1,1,1
GA_115,AMY3R,4.02,9.34,1,0,0
GA_115,CTR,5.53,11.12,1,0,0
GA_115,CGRP,4.97,7.40,1,1,1
GA_115,AM1R,6.46,3.80,1,1,1
GA_115,AM2R,7.03,4.65,1,1,1
GA_116,AMY1R,3.99,5.52,1,1,1
GA_116,AMY2R,4.14,5.91,1,1,1
GA_116,AMY3R,4.04,5.02,1,1,1
GA_116,CTR,4.85,10.38,1,0,0
GA_116,CGRP,5.36,6.18,1,1,1
GA_116,AM1R,6.08,13.16,1,0,0
GA_116,AM2R,7.35,5.70,1,1,1
GA_117,AMY1R,4.03,10.71,1,0,0
GA_117,AMY2R,4.12,5.48,1,1,1
GA_117,AMY3R,4.02,5.38,1,1,1
GA_117,CTR,5.59,8.12,1,0,0
GA_117,CGRP,9.42,7.76,0,1,0
GA_117,AM1R,4.94,4.98,1,1,1
GA_117,AM2R,5.13,5.50,1,1,1
GA_118,AMY1R,4.00,4.62,1,1,1
GA_118,AMY2R,4.06,5.02,1,1,1
GA_118,AMY3R,4.00,6.29,1,1,1
GA_118,CTR,4.11,6.31,1,1,1
GA_118,CGRP,4.07,4.89,1,1,1
GA_118,AM1R,3.72,5.68,1,1,1
GA_118,AM2R,3.97,4.92,1,1,1
GA_119,AMY1R,3.99,4.65,1,1,1
GA_119,AMY2R,4.09,4.62,1,1,1
GA_119,AMY3R,3.98,4.77,1,1,1
GA_119,CTR,5.36,4.55,1,1,1
GA_119,CGRP,4.07,5.03,1,1,1
GA_119,AM1R,3.73,4.74,1,1,1
GA_119,AM2R,4.08,4.77,1,1,1
GA_120,AMY1R,3.98,13.51,1,0,0
GA_120,AMY2R,4.14,13.71,1,0,0
GA_120,AMY3R,4.05,5.33,1,1,1
GA_120,CTR,5.46,14.61,1,0,0
GA_120,CGRP,4.93,7.00,1,1,1
GA_120,AM1R,5.70,4.16,1,1,1
GA_120,AM2R,7.00,5.41,1,1,1
GA_121,AMY1R,3.98,4.18,1,1,1
GA_121,AMY2R,4.41,14.78,1,0,0
GA_121,AMY3R,4.00,4.91,1,1,1
GA_121,CTR,5.45,9.37,1,0,0
GA_121,CGRP,5.02,5.82,1,1,1
GA_121,AM1R,5.10,4.71,1,1,1
GA_121,AM2R,7.31,4.53,1,1,1
GA_122,AMY1R,3.94,4.66,1,1,1
GA_122,AMY2R,4.06,5.70,1,1,1
GA_122,AMY3R,3.98,9.01,1,0,0
GA_122,CTR,4.06,5.42,1,1,1
GA_122,CGRP,4.04,5.36,1,1,1
GA_122,AM1R,3.89,5.35,1,1,1
GA_122,AM2R,4.01,5.25,1,1,1
GA_123,AMY1R,3.89,5.98,1,1,1
GA_123,AMY2R,4.11,13.71,1,0,0
GA_123,AMY3R,4.02,5.89,1,1,1
GA_123,CTR,6.42,11.34,1,0,0
GA_123,CGRP,5.16,6.51,1,1,1
GA_123,AM1R,5.69,4.14,1,1,1
GA_123,AM2R,4.88,5.58,1,1,1
GA_124,AMY1R,3.96,12.65,1,0,0
GA_124,AMY2R,4.10,12.93,1,0,0
GA_124,AMY3R,4.01,4.95,1,1,1
GA_124,CTR,4.07,15.82,1,0,0
GA_124,CGRP,4.03,5.45,1,1,1
GA_124,AM1R,3.70,4.92,1,1,1
GA_124,AM2R,4.06,5.04,1,1,1
GA_125,AMY1R,3.96,12.68,1,0,0
GA_125,AMY2R,4.08,12.80,1,0,0
GA_125,AMY3R,4.00,4.89,1,1,1
GA_125,CTR,4.10,15.80,1,0,0
GA_125,CGRP,4.07,5.10,1,1,1
GA_125,AM1R,3.69,5.03,1,1,1
GA_125,AM2R,4.04,5.05,1,1,1
GA_126,AMY1R,3.96,5.40,1,1,1
GA_126,AMY2R,4.10,4.87,1,1,1
GA_126,AMY3R,4.00,5.42,1,1,1
GA_126,CTR,5.51,16.56,1,0,0
GA_126,CGRP,4.11,5.34,1,1,1
GA_126,AM1R,3.76,4.57,1,1,1
GA_126,AM2R,4.07,4.60,1,1,1
GA_127,AMY1R,3.96,12.68,1,0,0
GA_127,AMY2R,4.08,12.80,1,0,0
GA_127,AMY3R,4.00,4.89,1,1,1
GA_127,CTR,4.10,15.80,1,0,0
GA_127,CGRP,4.07,5.10,1,1,1
GA_127,AM1R,3.69,5.03,1,1,1
GA_127,AM2R,4.04,5.05,1,1,1
GA_128,AMY1R,3.94,12.63,1,0,0
GA_128,AMY2R,4.12,12.81,1,0,0
GA_128,AMY3R,4.02,14.08,1,0,0
GA_128,CTR,4.06,15.88,1,0,0
GA_128,CGRP,4.04,5.04,1,1,1
GA_128,AM1R,3.69,5.03,1,1,1
GA_128,AM2R,4.09,6.56,1,1,1
GA_129,AMY1R,3.96,12.65,1,0,0
GA_129,AMY2R,4.10,12.93,1,0,0
GA_129,AMY3R,4.01,4.95,1,1,1
GA_129,CTR,4.07,15.82,1,0,0
GA_129,CGRP,4.03,5.45,1,1,1
GA_129,AM1R,3.70,4.92,1,1,1
GA_129,AM2R,4.06,5.04,1,1,1
GA_130,AMY1R,3.96,12.68,1,0,0
GA_130,AMY2R,4.08,12.80,1,0,0
GA_130,AMY3R,4.00,4.89,1,1,1
GA_130,CTR,4.10,15.80,1,0,0
GA_130,CGRP,4.07,5.10,1,1,1
GA_130,AM1R,3.69,5.03,1,1,1
GA_130,AM2R,4.04,5.05,1,1,1
GA_131,AMY1R,3.96,12.68,1,0,0
GA_131,AMY2R,4.08,12.80,1,0,0
GA_131,AMY3R,4.00,4.89,1,1,1
GA_131,CTR,4.10,15.80,1,0,0
GA_131,CGRP,4.07,5.10,1,1,1
GA_131,AM1R,3.69,5.03,1,1,1
GA_131,AM2R,4.04,5.05,1,1,1
GA_132,AMY1R,4.02,14.25,1,0,0
GA_132,AMY2R,4.16,13.12,1,0,0
GA_132,AMY3R,4.03,15.14,1,0,0
GA_132,CTR,4.73,7.55,1,1,1
GA_132,CGRP,5.81,7.38,1,1,1
GA_132,AM1R,5.22,6.53,1,1,1
GA_132,AM2R,5.06,8.75,1,0,0
GA_133,AMY1R,4.03,4.40,1,1,1
GA_133,AMY2R,4.08,5.76,1,1,1
GA_133,AMY3R,3.94,5.54,1,1,1
GA_133,CTR,5.31,5.58,1,1,1
GA_133,CGRP,4.12,6.22,1,1,1
GA_133,AM1R,3.77,5.72,1,1,1
GA_133,AM2R,4.11,5.80,1,1,1
GA_134,AMY1R,4.02,4.88,1,1,1
GA_134,AMY2R,4.18,5.31,1,1,1
GA_134,AMY3R,4.04,5.29,1,1,1
GA_134,CTR,5.83,8.44,1,0,0
GA_134,CGRP,4.95,6.16,1,1,1
GA_134,AM1R,6.90,5.01,1,1,1
GA_134,AM2R,7.03,5.70,1,1,1
GA_135,AMY1R,4.00,5.01,1,1,1
GA_135,AMY2R,4.10,4.67,1,1,1
GA_135,AMY3R,4.01,13.43,1,0,0
GA_135,CTR,4.73,5.09,1,1,1
GA_135,CGRP,4.04,13.36,1,0,0
GA_135,AM1R,3.67,11.49,1,0,0
GA_135,AM2R,4.05,14.44,1,0,0
GA_136,AMY1R,3.96,5.06,1,1,1
GA_136,AMY2R,4.13,5.15,1,1,1
GA_136,AMY3R,4.01,4.73,1,1,1
GA_136,CTR,4.10,5.82,1,1,1
GA_136,CGRP,3.96,4.78,1,1,1
GA_136,AM1R,3.70,5.08,1,1,1
GA_136,AM2R,4.03,4.36,1,1,1
GA_137,AMY1R,4.00,6.24,1,1,1
GA_137,AMY2R,4.12,13.55,1,0,0
GA_137,AMY3R,4.04,5.24,1,1,1
GA_137,CTR,4.88,9.45,1,0,0
GA_137,CGRP,4.89,7.00,1,1,1
GA_137,AM1R,5.36,4.31,1,1,1
GA_137,AM2R,6.74,5.43,1,1,1
GA_138,AMY1R,3.98,12.97,1,0,0
GA_138,AMY2R,4.12,13.18,1,0,0
GA_138,AMY3R,4.04,14.02,1,0,0
GA_138,CTR,5.10,12.88,1,0,0
GA_138,CGRP,4.87,6.73,1,1,1
GA_138,AM1R,6.63,4.74,1,1,1
GA_138,AM2R,5.48,5.75,1,1,1
GA_139,AMY1R,3.98,5.02,1,1,1
GA_139,AMY2R,4.11,5.12,1,1,1
GA_139,AMY3R,4.05,10.18,1,0,0
GA_139,CTR,4.05,16.51,1,0,0
GA_139,CGRP,4.05,5.67,1,1,1
GA_139,AM1R,3.74,4.81,1,1,1
GA_139,AM2R,4.07,4.83,1,1,1
GA_140,AMY1R,3.98,5.02,1,1,1
GA_140,AMY2R,4.11,5.12,1,1,1
GA_140,AMY3R,4.05,10.18,1,0,0
GA_140,CTR,4.05,16.51,1,0,0
GA_140,CGRP,4.05,5.67,1,1,1
GA_140,AM1R,3.74,4.81,1,1,1
GA_140,AM2R,4.07,4.83,1,1,1
GA_141,AMY1R,3.95,5.06,1,1,1
GA_141,AMY2R,4.12,13.95,1,0,0
GA_141,AMY3R,4.01,4.71,1,1,1
GA_141,CTR,4.06,12.89,1,0,0
GA_141,CGRP,4.11,4.95,1,1,1
GA_141,AM1R,3.71,4.96,1,1,1
GA_141,AM2R,4.04,5.19,1,1,1
GA_142,AMY1R,3.98,5.12,1,1,1
GA_142,AMY2R,4.13,5.17,1,1,1
GA_142,AMY3R,4.01,4.94,1,1,1
GA_142,CTR,4.11,15.96,1,0,0
GA_142,CGRP,4.01,6.14,1,1,1
GA_142,AM1R,3.69,4.77,1,1,1
GA_142,AM2R,4.06,5.08,1,1,1
GA_143,AMY1R,3.97,5.14,1,1,1
GA_143,AMY2R,4.13,5.01,1,1,1
GA_143,AMY3R,4.00,4.97,1,1,1
GA_143,CTR,4.07,5.87,1,1,1
GA_143,CGRP,4.07,5.70,1,1,1
GA_143,AM1R,3.69,5.27,1,1,1
GA_143,AM2R,4.10,5.20,1,1,1
GA_144,AMY1R,3.96,4.88,1,1,1
GA_144,AMY2R,4.14,4.61,1,1,1
GA_144,AMY3R,4.00,4.62,1,1,1
GA_144,CTR,5.54,13.67,1,0,0
GA_144,CGRP,4.10,5.30,1,1,1
GA_144,AM1R,3.76,4.57,1,1,1
GA_144,AM2R,4.09,4.74,1,1,1
GA_145,AMY1R,3.98,5.12,1,1,1
GA_145,AMY2R,4.13,5.17,1,1,1
GA_145,AMY3R,4.01,4.94,1,1,1
GA_145,CTR,4.11,15.96,1,0,0
GA_145,CGRP,4.01,6.14,1,1,1
GA_145,AM1R,3.69,4.77,1,1,1
GA_145,AM2R,4.06,5.08,1,1,1
GA_146,AMY1R,4.02,13.34,1,0,0
GA_146,AMY2R,4.14,5.26,1,1,1
GA_146,AMY3R,4.04,6.04,1,1,1
GA_146,CTR,5.85,7.61,1,1,1
GA_146,CGRP,9.24,9.07,0,0,0
GA_146,AM1R,4.93,4.75,1,1,1
GA_146,AM2R,5.10,4.36,1,1,1
GA_147,AMY1R,3.92,6.44,1,1,1
GA_147,AMY2R,4.13,13.06,1,0,0
GA_147,AMY3R,4.08,6.34,1,1,1
GA_147,CTR,4.29,7.09,1,1,1
GA_147,CGRP,4.06,5.91,1,1,1
GA_147,AM1R,4.96,4.65,1,1,1
GA_147,AM2R,5.29,7.15,1,1,1
GA_148,AMY1R,3.90,6.83,1,1,1
GA_148,AMY2R,4.08,5.79,1,1,1
GA_148,AMY3R,4.05,14.21,1,0,0
GA_148,CTR,4.76,8.31,1,0,0
GA_148,CGRP,5.18,6.52,1,1,1
GA_148,AM1R,5.20,2.76,1,1,1
GA_148,AM2R,4.87,6.32,1,1,1
GA_149,AMY1R,3.98,4.53,1,1,1
GA_149,AMY2R,4.06,5.93,1,1,1
GA_149,AMY3R,4.00,6.25,1,1,1
GA_149,CTR,4.18,5.42,1,1,1
GA_149,CGRP,4.12,5.85,1,1,1
GA_149,AM1R,3.76,6.09,1,1,1
GA_149,AM2R,4.09,6.14,1,1,1
GA_150,AMY1R,4.00,5.34,1,1,1
GA_150,AMY2R,4.14,5.48,1,1,1
GA_150,AMY3R,4.02,5.80,1,1,1
GA_150,CTR,6.21,10.76,1,0,0
GA_150,CGRP,5.18,6.37,1,1,1
GA_150,AM1R,7.55,4.92,1,1,1
GA_150,AM2R,5.49,5.86,1,1,1
GA_151,AMY1R,4.00,5.71,1,1,1
GA_151,AMY2R,4.21,4.77,1,1,1
GA_151,AMY3R,4.03,5.37,1,1,1
GA_151,CTR,4.11,5.19,1,1,1
GA_151,CGRP,4.00,4.52,1,1,1
GA_151,AM1R,3.75,5.12,1,1,1
GA_151,AM2R,4.11,5.11,1,1,1
GA_152,AMY1R,4.02,5.20,1,1,1
GA_152,AMY2R,4.16,5.37,1,1,1
GA_152,AMY3R,4.03,4.99,1,1,1
GA_152,CTR,4.17,15.58,1,0,0
GA_152,CGRP,4.05,5.55,1,1,1
GA_152,AM1R,3.73,5.17,1,1,1
GA_152,AM2R,4.02,6.42,1,1,1
GA_153,AMY1R,3.99,4.95,1,1,1
GA_153,AMY2R,4.05,4.66,1,1,1
GA_153,AMY3R,3.99,4.70,1,1,1
GA_153,CTR,4.13,5.70,1,1,1
GA_153,CGRP,4.07,5.49,1,1,1
GA_153,AM1R,3.74,4.69,1,1,1
GA_153,AM2R,4.09,4.91,1,1,1
GA_154,AMY1R,3.98,5.38,1,1,1
GA_154,AMY2R,4.11,5.45,1,1,1
GA_154,AMY3R,3.99,5.29,1,1,1
GA_154,CTR,5.31,10.90,1,0,0
GA_154,CGRP,5.16,6.09,1,1,1
GA_154,AM1R,6.20,5.12,1,1,1
GA_154,AM2R,6.47,5.18,1,1,1
amylin,AMY1R,3.96,5.61,1,1,1
amylin,AMY2R,4.09,5.59,1,1,1
amylin,AMY3R,3.97,5.46,1,1,1
amylin,CTR,4.09,5.58,1,1,1
amylin,CGRP,4.01,5.63,1,1,1
amylin,AM1R,3.76,5.64,1,1,1
amylin,AM2R,3.94,5.62,1,1,1
