id,receptor,source_cif,d_nterm_tmd,d_cterm_deep,nterm_pass,deep_pass,pose_pass
GA_004,AMY1R,/home/jiasin/attention_af3_rerun/attention_md_20260930/outputs/attention_md_20260930_GA_004_AMY1R_AMY1R/attention_md_20260930_GA_004_AMY1R_AMY1R_model.cif,3.93,6.20,1,1,1
GA_004,AMY2R,/home/jiasin/attention_af3_rerun/pose_amy2r_20261001/outputs/pose_amy2r_20261001_GA_004_AMY2R_AMY2R/pose_amy2r_20261001_GA_004_AMY2R_AMY2R_model.cif,4.07,5.70,1,1,1
GA_004,AMY3R,/home/jiasin/attention_af3_rerun/attention_md_20260930/outputs/attention_md_20260930_GA_004_AMY3R_AMY3R/attention_md_20260930_GA_004_AMY3R_AMY3R_model.cif,4.01,5.65,1,1,1
GA_005,AMY1R,/home/jiasin/attention_af3_rerun/attention_md_20260930/outputs/attention_md_20260930_GA_005_AMY1R_AMY1R/attention_md_20260930_GA_005_AMY1R_AMY1R_model.cif,3.94,5.56,1,1,1
GA_005,AMY2R,/home/jiasin/attention_af3_rerun/pose_amy2r_20261001/outputs/pose_amy2r_20261001_GA_005_AMY2R_AMY2R/pose_amy2r_20261001_GA_005_AMY2R_AMY2R_model.cif,4.06,5.66,1,1,1
GA_005,AMY3R,/home/jiasin/attention_af3_rerun/attention_md_20260930/outputs/attention_md_20260930_GA_005_AMY3R_AMY3R/attention_md_20260930_GA_005_AMY3R_AMY3R_model.cif,4.00,5.64,1,1,1
GA_006,AMY1R,/home/jiasin/attention_af3_rerun/attention_md_20260930/outputs/attention_md_20260930_GA_006_AMY1R_AMY1R/attention_md_20260930_GA_006_AMY1R_AMY1R_model.cif,3.96,5.56,1,1,1
GA_006,AMY2R,/home/jiasin/attention_af3_rerun/pose_amy2r_20261001/outputs/pose_amy2r_20261001_GA_006_AMY2R_AMY2R/pose_amy2r_20261001_GA_006_AMY2R_AMY2R_model.cif,4.09,5.60,1,1,1
GA_006,AMY3R,/home/jiasin/attention_af3_rerun/attention_md_20260930/outputs/attention_md_20260930_GA_006_AMY3R_AMY3R/attention_md_20260930_GA_006_AMY3R_AMY3R_model.cif,4.04,5.57,1,1,1
GA_025,AMY1R,/home/jiasin/attention_af3_rerun/attention_md_20260930/outputs/attention_md_20260930_GA_025_AMY1R_AMY1R/attention_md_20260930_GA_025_AMY1R_AMY1R_model.cif,3.93,5.30,1,1,1
GA_025,AMY2R,/home/jiasin/attention_af3_rerun/pose_amy2r_20261001/outputs/pose_amy2r_20261001_GA_025_AMY2R_AMY2R/pose_amy2r_20261001_GA_025_AMY2R_AMY2R_model.cif,4.07,4.34,1,1,1
GA_025,AMY3R,/home/jiasin/attention_af3_rerun/attention_md_20260930/outputs/attention_md_20260930_GA_025_AMY3R_AMY3R/attention_md_20260930_GA_025_AMY3R_AMY3R_model.cif,4.02,5.00,1,1,1
GA_078,AMY1R,/home/jiasin/attention_af3_rerun/attention_md_20260930/outputs/attention_md_20260930_GA_078_AMY1R_AMY1R/attention_md_20260930_GA_078_AMY1R_AMY1R_model.cif,3.92,5.35,1,1,1
GA_078,AMY2R,/home/jiasin/attention_af3_rerun/pose_amy2r_20261001/outputs/pose_amy2r_20261001_GA_078_AMY2R_AMY2R/pose_amy2r_20261001_GA_078_AMY2R_AMY2R_model.cif,4.05,5.35,1,1,1
GA_078,AMY3R,/home/jiasin/attention_af3_rerun/attention_md_20260930/outputs/attention_md_20260930_GA_078_AMY3R_AMY3R/attention_md_20260930_GA_078_AMY3R_AMY3R_model.cif,3.99,5.32,1,1,1
GA_079,AMY1R,/home/jiasin/attention_af3_rerun/attention_md_20260930/outputs/attention_md_20260930_GA_079_AMY1R_AMY1R/attention_md_20260930_GA_079_AMY1R_AMY1R_model.cif,3.93,5.71,1,1,1
GA_079,AMY2R,/home/jiasin/attention_af3_rerun/pose_amy2r_20261001/outputs/pose_amy2r_20261001_GA_079_AMY2R_AMY2R/pose_amy2r_20261001_GA_079_AMY2R_AMY2R_model.cif,4.08,5.57,1,1,1
GA_079,AMY3R,/home/jiasin/attention_af3_rerun/attention_md_20260930/outputs/attention_md_20260930_GA_079_AMY3R_AMY3R/attention_md_20260930_GA_079_AMY3R_AMY3R_model.cif,4.00,5.62,1,1,1
GA_090,AMY1R,/home/jiasin/attention_af3_rerun/attention_md_20260930/outputs/attention_md_20260930_GA_090_AMY1R_AMY1R/attention_md_20260930_GA_090_AMY1R_AMY1R_model.cif,3.92,5.64,1,1,1
GA_090,AMY2R,/home/jiasin/attention_af3_rerun/pose_amy2r_20261001/outputs/pose_amy2r_20261001_GA_090_AMY2R_AMY2R/pose_amy2r_20261001_GA_090_AMY2R_AMY2R_model.cif,4.09,5.56,1,1,1
GA_090,AMY3R,/home/jiasin/attention_af3_rerun/attention_md_20260930/outputs/attention_md_20260930_GA_090_AMY3R_AMY3R/attention_md_20260930_GA_090_AMY3R_AMY3R_model.cif,4.02,5.67,1,1,1
